date,1 AUD,1 BGN,1 CAD,1 CHF,1 CYP,1 DKK,1 EEK,1 EUR,1 GBP,1 HKD,1 LTL,1 LVL,1 MTL,1 NOK,1 NZD,1 PLN,1 SEK,1 SGD,1 USD,1 XDR,1 ZAR,100 HUF,100 ISK,100 JPY,100 KRW,100 SIT,100 SKK,10000 ROL,1000000 TRL
2004-01-02,19.418,16.566,19.901,20.749,55.263,4.352,2.071,32.400,45.932,3.314,9.385,48.250,75.060,3.860,16.886,6.889,3.580,15.121,25.731,38.235,3.839,12.370,36.248,24.056,2.153,13.680,78.746,7.874,18.425
2004-01-05,19.574,16.551,19.924,20.755,55.204,4.347,2.069,32.370,46.067,3.294,9.373,48.127,75.029,3.851,17.112,6.909,3.570,15.046,25.575,38.003,4.021,12.380,36.356,24.061,2.145,13.665,78.874,7.840,18.580
2004-01-06,19.577,16.556,19.820,20.670,55.240,4.347,2.069,32.375,46.267,3.270,9.377,47.929,75.056,3.779,17.101,6.900,3.547,14.950,25.383,37.874,3.938,12.436,36.431,23.904,2.139,13.662,79.195,7.815,18.481
2004-01-07,19.599,16.548,19.837,20.647,55.196,4.345,2.068,32.360,46.374,3.288,9.371,48.082,75.092,3.777,17.124,6.915,3.553,15.033,25.525,38.204,3.883,12.324,36.487,24.038,2.151,13.656,79.091,7.840,18.686
2004-01-08,19.735,16.548,19.887,20.612,55.140,4.345,2.069,32.365,46.602,3.300,9.372,48.182,75.164,3.760,17.231,6.927,3.562,15.107,25.618,38.241,3.855,12.273,36.496,24.133,2.167,13.643,79.178,7.827,18.700
2004-01-09,19.777,16.622,19.970,20.749,55.454,4.365,2.078,32.510,46.818,3.288,9.416,48.204,75.495,3.758,17.355,6.927,3.568,15.062,25.524,38.012,3.770,12.122,36.591,23.871,2.160,13.698,79.952,7.886,18.809
2004-01-12,19.742,16.662,19.961,20.818,55.574,4.374,2.082,32.575,47.054,3.272,9.435,48.143,75.649,3.785,17.327,6.937,3.575,15.016,25.403,38.046,3.762,12.053,36.643,23.851,2.160,13.729,80.086,7.887,19.057
2004-01-13,19.907,16.650,20.032,20.839,55.517,4.371,2.081,32.555,47.205,3.289,9.428,48.282,75.676,3.799,17.492,6.912,3.564,15.081,25.536,38.411,3.656,12.137,36.593,24.004,2.165,13.719,80.224,7.871,19.078
2004-01-14,19.977,16.661,20.158,20.881,55.556,4.374,2.082,32.575,47.208,3.306,9.435,48.436,75.746,3.802,17.505,6.863,3.550,15.142,25.669,38.454,3.595,12.253,36.825,24.184,2.175,13.723,80.204,7.895,19.017
2004-01-15,19.915,16.665,19.987,20.848,55.496,4.376,2.083,32.590,47.119,3.325,9.437,48.561,75.780,3.814,17.428,6.894,3.557,15.226,25.815,38.607,3.600,12.185,36.950,24.314,2.176,13.715,79.966,7.904,19.315
2004-01-16,20.127,16.726,20.205,20.875,55.774,4.391,2.091,32.710,47.520,3.372,9.474,49.056,76.181,3.802,17.522,6.943,3.559,15.402,26.191,39.085,3.563,12.248,37.440,24.695,2.208,13.771,80.231,7.952,19.571
2004-01-19,20.095,16.781,20.373,20.896,55.934,4.405,2.097,32.810,47.354,3.414,9.503,49.358,76.383,3.812,17.482,6.946,3.575,15.518,26.515,39.569,3.637,12.399,38.072,24.774,2.237,13.810,80.456,8.010,19.583
2004-01-20,20.095,16.829,20.307,20.936,56.046,4.419,2.103,32.910,47.603,3.379,9.532,49.157,76.562,3.825,17.468,6.957,3.592,15.365,26.252,39.176,3.602,12.459,38.011,24.482,2.210,13.852,80.870,8.010,19.599
2004-01-21,20.075,16.764,20.099,20.888,55.891,4.402,2.095,32.780,47.513,3.347,9.495,48.849,76.273,3.793,17.492,6.965,3.577,15.298,26.002,38.803,3.657,12.424,37.693,24.305,2.187,13.811,80.769,7.985,19.536
2004-01-22,20.117,16.796,19.928,20.960,56.018,4.411,2.100,32.855,47.699,3.328,9.514,48.813,76.400,3.845,17.509,6.988,3.608,15.260,25.849,38.574,3.651,12.505,37.821,24.288,2.175,13.835,81.244,7.976,19.523
2004-01-23,20.172,16.859,19.799,21.056,56.177,4.427,2.108,32.980,47.852,3.346,9.547,49.018,76.679,3.838,17.573,7.027,3.607,15.328,25.980,38.892,3.641,12.549,38.175,24.522,2.193,13.889,81.352,8.030,19.563
2004-01-26,20.267,16.847,19.971,21.065,56.193,4.424,2.106,32.955,47.835,3.373,9.544,49.215,76.703,3.826,17.639,7.012,3.601,15.454,26.199,39.294,3.621,12.568,38.061,24.694,2.219,13.890,81.382,8.042,19.833
2004-01-27,20.323,16.831,20.055,20.989,56.127,4.419,2.104,32.915,47.645,3.387,9.534,49.304,76.610,3.827,17.700,6.971,3.594,15.472,26.296,39.185,3.691,12.533,37.967,24.846,2.229,13.876,81.101,8.067,19.936
2004-01-28,20.409,16.913,20.007,21.080,56.451,4.440,2.114,33.070,48.174,3.390,9.578,49.501,77.048,3.809,17.782,6.990,3.624,15.553,26.330,39.096,3.770,12.559,38.112,24.859,2.248,13.932,81.313,8.122,19.812
2004-01-29,20.505,16.986,20.088,21.266,56.631,4.460,2.123,33.220,48.493,3.428,9.620,49.940,77.456,3.790,17.942,7.012,3.625,15.672,26.645,39.785,3.791,12.618,38.286,25.145,2.273,13.992,81.501,8.157,19.855
2004-01-30,20.309,17.027,20.161,21.314,56.773,4.470,2.128,33.300,48.633,3.459,9.643,50.253,77.691,3.819,17.880,6.972,3.622,15.822,26.891,39.996,3.813,12.581,38.672,25.398,2.291,14.037,81.378,8.196,20.000
2004-02-02,20.281,16.991,20.018,21.179,56.747,4.461,2.124,33.240,48.625,3.430,9.623,49.982,77.532,3.822,18.011,6.944,3.606,15.741,26.666,39.500,3.804,12.586,38.442,25.257,2.278,14.006,81.431,8.199,19.915
2004-02-03,20.308,17.044,19.886,21.286,56.887,4.473,2.130,33.330,48.764,3.410,9.652,49.904,77.712,3.830,18.022,6.962,3.636,15.661,26.517,39.389,3.828,12.514,38.505,25.119,2.270,14.048,81.912,8.229,19.812
2004-02-04,20.232,16.973,19.761,21.152,56.590,4.455,2.122,33.195,48.684,3.408,9.613,49.820,77.428,3.807,18.000,6.944,3.615,15.645,26.504,39.550,3.819,12.549,38.392,25.137,2.269,13.990,81.822,8.194,19.890
2004-02-05,20.233,17.038,19.854,21.223,56.863,4.472,2.130,33.320,48.610,3.407,9.650,49.847,77.642,3.815,18.167,6.887,3.631,15.649,26.481,39.492,3.852,12.486,38.656,25.103,2.271,14.048,82.130,8.157,19.956
2004-02-06,20.182,16.981,19.812,21.162,56.608,4.457,2.123,33.210,48.620,3.409,9.616,49.750,77.454,3.802,18.166,6.830,3.642,15.638,26.504,39.546,3.746,12.373,38.499,24.865,2.269,13.993,81.597,8.123,19.640
2004-02-09,20.324,16.997,19.719,21.184,56.651,4.461,2.124,33.235,48.596,3.365,9.625,49.473,77.412,3.821,18.179,6.864,3.650,15.524,26.142,38.890,3.744,12.441,38.311,24.722,2.242,14.001,82.052,8.113,19.436
2004-02-10,20.324,16.941,19.604,21.115,56.537,4.445,2.117,33.120,48.575,3.342,9.591,49.258,77.172,3.755,18.181,6.864,3.630,15.518,25.961,38.964,3.768,12.535,38.063,24.631,2.234,13.961,81.808,8.099,19.295
2004-02-11,20.246,16.851,19.508,20.931,56.232,4.422,2.106,32.950,48.597,3.344,9.539,49.167,76.881,3.737,18.069,6.769,3.616,15.526,25.985,39.090,3.766,12.421,37.926,24.621,2.239,13.879,81.459,8.094,19.334
2004-02-12,20.217,16.839,19.471,20.890,56.214,4.419,2.105,32.930,48.615,3.310,9.537,48.932,76.794,3.716,17.958,6.786,3.599,15.374,25.724,38.574,3.861,12.448,37.910,24.388,2.217,13.873,81.409,8.089,19.525
2004-02-13,20.133,16.672,19.298,20.651,55.648,4.377,2.084,32.610,48.105,3.274,9.443,48.413,76.016,3.698,17.895,6.716,3.565,15.192,25.441,38.377,3.855,12.384,37.548,24.150,2.193,13.734,80.702,8.000,19.317
2004-02-16,20.171,16.629,19.355,20.642,55.477,4.365,2.078,32.520,48.121,3.285,9.418,48.434,75.909,3.689,18.021,6.694,3.545,15.236,25.525,38.503,3.846,12.334,37.413,24.195,2.203,13.692,80.479,8.005,19.242
2004-02-17,20.269,16.724,19.389,20.766,55.865,4.388,2.090,32.700,48.472,3.273,9.470,48.486,76.289,3.723,17.990,6.712,3.557,15.184,25.431,38.258,3.830,12.403,37.700,24.085,2.196,13.769,80.829,8.041,19.222
2004-02-18,20.326,16.733,19.414,20.755,55.910,4.393,2.092,32.730,48.572,3.283,9.476,48.585,76.378,3.720,18.012,6.690,3.559,15.230,25.514,38.570,3.891,12.453,37.774,24.114,2.215,13.785,80.945,8.047,19.344
2004-02-19,20.417,16.790,19.466,20.817,55.978,4.404,2.097,32.815,48.916,3.318,9.503,48.907,76.720,3.731,18.125,6.699,3.575,15.331,25.791,38.983,3.868,12.544,37.919,24.150,2.215,13.823,81.045,8.112,19.450
2004-02-20,20.250,16.725,19.324,20.713,55.739,4.381,2.086,32.640,48.467,3.315,9.453,48.696,76.268,3.700,17.902,6.615,3.553,15.283,25.775,38.670,3.853,12.472,37.658,23.907,2.208,13.740,80.473,8.036,19.423
2004-02-23,20.013,16.718,19.356,20.651,55.649,4.375,2.084,32.600,48.269,3.334,9.440,48.732,76.052,3.712,17.746,6.656,3.544,15.306,25.925,38.755,3.881,12.494,37.600,23.951,2.197,13.733,80.251,8.055,19.530
2004-02-24,20.081,16.763,19.402,20.725,55.738,4.380,2.086,32.635,48.614,3.331,9.450,48.764,76.333,3.718,17.792,6.682,3.548,15.284,25.906,38.564,3.888,12.608,37.624,23.911,2.203,13.733,80.361,8.094,19.544
2004-02-25,20.056,16.693,19.333,20.649,55.483,4.362,2.077,32.505,48.635,3.308,9.409,48.524,76.080,3.683,17.827,6.685,3.520,15.210,25.737,38.404,3.901,12.565,37.287,23.685,2.199,13.673,79.894,8.069,19.439
2004-02-26,20.047,16.657,19.454,20.597,55.393,4.352,2.072,32.425,48.524,3.348,9.391,48.732,75.987,3.693,17.930,6.660,3.517,15.303,26.057,38.961,3.912,12.534,37.333,23.771,2.224,13.658,80.002,8.088,19.569
2004-02-27,20.064,16.653,19.382,20.547,55.382,4.353,2.073,32.435,48.408,3.356,9.393,48.778,75.971,3.713,17.857,6.657,3.513,15.360,26.120,38.668,3.923,12.623,37.371,23.916,2.222,13.624,80.007,8.124,19.728
2004-03-01,20.104,16.671,19.440,20.569,55.411,4.357,2.075,32.470,48.584,3.341,9.404,48.757,76.056,3.725,17.926,6.632,3.511,15.303,26.009,38.496,3.923,12.669,37.405,23.825,2.207,13.637,80.242,8.167,19.704
2004-03-02,20.322,16.771,19.661,20.621,55.782,4.382,2.087,32.660,48.970,3.383,9.461,49.215,76.591,3.760,18.163,6.702,3.532,15.458,26.340,39.107,3.969,12.755,37.438,24.019,2.244,13.720,80.732,8.212,19.917
2004-03-03,20.341,16.910,20.031,20.834,56.263,4.419,2.105,32.930,49.656,3.481,9.538,50.132,77.462,3.785,18.145,6.804,3.558,15.852,27.126,40.124,3.926,12.844,37.904,24.605,2.304,13.835,81.158,8.281,20.335
2004-03-04,20.399,16.952,20.276,20.902,56.385,4.431,2.110,33.020,49.546,3.487,9.561,50.196,77.572,3.822,18.209,6.859,3.583,15.833,27.171,39.794,3.975,12.988,37.999,24.553,2.322,13.862,81.140,8.269,20.437
2004-03-05,20.385,17.010,20.361,20.992,56.548,4.444,2.117,33.120,49.396,3.490,9.596,50.216,77.697,3.822,18.181,6.837,3.598,15.847,27.174,39.882,3.984,12.925,37.987,24.445,2.317,13.910,81.486,8.312,20.466
2004-03-08,20.257,16.984,20.215,20.901,56.392,4.438,2.114,33.070,49.515,3.435,9.578,49.778,77.545,3.823,18.076,6.879,3.608,15.649,26.765,39.204,4.052,13.015,37.984,23.858,2.281,13.900,81.503,8.284,20.261
2004-03-09,20.356,16.985,20.162,20.915,56.463,4.436,2.113,33.055,49.180,3.432,9.574,49.753,77.422,3.824,18.199,6.926,3.607,15.686,26.737,39.407,4.035,13.020,38.155,24.006,2.276,13.889,81.499,8.278,20.301
2004-03-10,20.266,17.052,20.405,21.057,56.679,4.453,2.121,33.185,49.118,3.463,9.612,50.070,77.687,3.834,18.008,6.962,3.618,15.780,26.983,39.773,4.100,13.089,38.347,24.339,2.301,13.943,81.827,8.322,20.465
2004-03-11,19.919,17.027,20.437,21.150,56.584,4.448,2.118,33.145,48.773,3.467,9.598,50.041,77.464,3.863,17.511,6.931,3.601,15.786,27.030,39.702,4.019,13.122,38.288,24.436,2.312,13.916,81.769,8.313,20.384
2004-03-12,19.756,17.001,20.294,21.082,56.443,4.440,2.115,33.085,48.560,3.469,9.583,49.935,77.333,3.865,17.446,6.943,3.582,15.776,27.042,39.628,4.003,13.023,38.160,24.302,2.290,13.901,81.701,8.294,20.479
2004-03-15,19.829,17.041,20.277,21.194,56.642,4.451,2.120,33.165,48.646,3.466,9.607,50.005,77.454,3.906,17.415,7.024,3.583,15.809,27.013,39.534,4.017,13.064,38.297,24.385,2.298,13.935,81.978,8.300,20.515
2004-03-16,19.925,17.061,20.207,21.160,56.687,4.458,2.122,33.205,48.889,3.451,9.618,50.042,77.609,3.916,17.513,7.018,3.594,15.803,26.888,39.461,4.024,13.018,38.326,24.598,2.297,13.951,82.079,8.312,20.408
2004-03-17,20.000,17.051,20.282,21.178,56.645,4.455,2.121,33.180,49.122,3.477,9.608,50.318,77.695,3.921,17.543,7.015,3.589,15.940,27.091,39.933,4.020,13.017,38.273,24.998,2.327,13.944,82.017,8.315,20.485
2004-03-18,20.076,17.030,20.202,21.210,56.526,4.451,2.118,33.145,49.304,3.469,9.598,50.350,77.684,3.898,17.604,7.001,3.585,15.991,27.033,39.778,4.047,13.024,38.120,25.261,2.331,13.917,82.022,8.296,20.398
2004-03-19,20.126,17.062,20.219,21.302,56.697,4.458,2.122,33.200,49.295,3.452,9.618,50.250,77.739,3.898,17.627,7.037,3.581,15.905,26.901,39.703,4.050,13.093,38.058,25.161,2.322,13.949,82.433,8.296,20.447
2004-03-22,20.185,17.036,20.210,21.292,56.614,4.453,2.120,33.165,49.536,3.445,9.602,50.209,77.725,3.934,17.771,7.008,3.597,15.882,26.847,39.724,4.058,13.092,37.857,25.088,2.313,13.923,82.382,8.275,20.339
2004-03-23,20.257,17.019,20.246,21.334,56.521,4.448,2.117,33.125,49.708,3.462,9.593,50.340,77.759,3.928,17.798,7.050,3.590,15.973,26.982,39.935,4.129,13.152,37.447,25.251,2.334,13.913,82.483,8.276,20.472
2004-03-24,20.030,16.816,20.067,21.068,55.860,4.394,2.092,32.725,49.192,3.443,9.477,49.957,76.880,3.883,17.478,6.964,3.541,15.888,26.837,39.683,4.084,13.031,37.193,25.223,2.324,13.744,81.497,8.171,20.293
2004-03-25,19.871,16.750,20.029,21.025,55.651,4.378,2.084,32.600,48.477,3.447,9.442,49.855,76.463,3.855,17.384,6.917,3.513,15.876,26.877,39.708,4.065,12.992,37.254,25.331,2.322,13.688,81.050,8.139,20.284
2004-03-26,20.065,16.832,20.336,21.048,55.896,4.398,2.093,32.750,48.894,3.451,9.486,50.030,76.830,3.877,17.506,6.894,3.535,15.928,26.906,39.515,4.082,13.033,37.429,25.471,2.324,13.752,81.389,8.130,20.399
2004-03-29,20.147,16.859,20.519,21.055,56.008,4.407,2.097,32.810,49.168,3.474,9.502,50.266,76.943,3.882,17.572,6.958,3.541,16.026,27.081,39.901,4.222,13.095,37.309,25.615,2.346,13.776,81.647,8.104,20.516
2004-03-30,20.391,16.948,20.712,21.158,56.307,4.430,2.108,32.980,49.366,3.471,9.553,50.371,77.440,3.920,17.784,6.976,3.562,16.069,27.062,39.795,4.333,13.204,37.308,25.566,2.346,13.841,82.101,8.155,20.528
2004-03-31,20.445,16.864,20.546,21.053,56.034,4.410,2.099,32.835,49.304,3.448,9.509,50.204,77.107,3.893,17.879,6.934,3.547,16.049,26.859,39.621,4.221,13.175,37.208,25.859,2.343,13.775,81.873,8.030,20.386
2004-04-01,20.394,16.895,20.361,21.090,56.145,4.417,2.102,32.885,49.335,3.428,9.525,50.076,77.170,3.880,17.755,6.925,3.561,15.968,26.698,39.526,4.205,13.171,37.196,25.734,2.340,13.792,82.043,7.994,20.341
2004-04-02,20.351,16.825,20.337,20.943,55.897,4.398,2.093,32.750,49.154,3.414,9.486,49.863,76.857,3.894,17.695,6.899,3.551,15.890,26.587,39.535,4.190,13.134,37.177,25.517,2.329,13.733,81.650,8.019,20.350
2004-04-05,20.442,16.800,20.631,20.867,55.780,4.391,2.090,32.695,49.276,3.482,9.471,50.335,76.951,3.904,17.661,6.944,3.556,16.172,27.120,40.266,4.223,13.181,37.338,25.889,2.373,13.711,81.250,8.019,20.593
2004-04-06,20.513,16.792,20.657,20.871,55.691,4.388,2.088,32.670,49.638,3.467,9.463,50.188,76.971,3.900,17.712,6.924,3.550,16.073,27.021,39.757,4.182,13.188,37.299,25.477,2.349,13.711,81.354,8.008,20.627
2004-04-07,20.661,16.841,20.725,21.030,55.880,4.402,2.095,32.775,49.771,3.475,9.496,50.349,77.222,3.909,17.828,6.941,3.577,16.152,27.088,39.833,4.275,13.215,37.463,25.616,2.369,13.762,81.611,8.021,20.463
2004-04-08,20.495,16.739,20.350,20.993,55.521,4.376,2.082,32.580,49.349,3.455,9.435,50.016,76.706,3.896,17.697,6.884,3.553,16.045,26.933,39.611,4.252,13.097,37.239,25.377,2.362,13.667,81.298,8.005,20.066
2004-04-09,20.463,16.651,20.175,20.905,55.264,4.352,2.071,32.400,49.062,3.433,9.385,49.702,76.270,3.868,17.666,6.836,3.534,15.958,26.767,39.454,4.239,13.071,37.030,25.160,2.340,13.593,80.838,7.955,20.088
2004-04-13,20.377,16.526,20.099,20.756,54.835,4.320,2.056,32.165,49.059,3.445,9.315,49.677,75.886,3.872,17.580,6.801,3.521,16.121,26.856,39.501,4.186,12.920,36.907,25.339,2.353,13.493,80.282,7.881,19.740
2004-04-14,20.014,16.533,20.160,20.790,54.864,4.322,2.056,32.175,48.595,3.461,9.319,49.632,75.790,3.873,17.309,6.768,3.506,16.106,26.982,39.527,4.125,12.855,36.733,25.039,2.344,13.495,80.221,7.899,20.061
2004-04-15,19.913,16.524,20.094,20.725,54.838,4.320,2.055,32.160,48.135,3.462,9.314,49.536,75.634,3.888,17.154,6.710,3.501,16.077,26.997,39.334,4.087,12.664,36.648,24.865,2.332,13.488,80.090,7.884,19.563
2004-04-16,20.010,16.642,20.143,20.846,55.247,4.352,2.071,32.400,48.465,3.481,9.381,49.854,76.167,3.912,17.270,6.781,3.519,16.133,27.148,39.439,4.157,12.840,37.095,25.016,2.339,13.598,80.547,7.930,19.936
2004-04-19,20.206,16.724,20.087,21.013,55.487,4.373,2.081,32.555,48.849,3.466,9.427,49.922,76.522,3.925,17.429,6.815,3.535,16.129,27.028,39.335,4.185,12.935,37.170,25.056,2.343,13.651,81.124,7.984,19.954
2004-04-20,20.180,16.724,20.179,20.935,55.462,4.372,2.080,32.540,48.996,3.499,9.426,50.188,76.621,3.931,17.367,6.825,3.549,16.261,27.287,39.928,4.169,13.003,37.352,25.298,2.370,13.653,81.167,8.001,19.923
2004-04-21,20.024,16.728,20.204,20.937,55.463,4.374,2.081,32.555,48.718,3.527,9.426,50.254,76.611,3.929,17.109,6.838,3.555,16.256,27.504,40.050,4.088,13.008,37.336,25.081,2.381,13.655,81.240,8.023,19.773
2004-04-22,19.999,16.675,20.105,20.862,55.282,4.361,2.074,32.455,48.318,3.505,9.398,49.989,76.259,3.930,17.085,6.803,3.550,16.112,27.334,39.541,3.997,12.899,37.141,24.941,2.357,13.619,80.915,8.000,19.693
2004-04-23,19.915,16.605,20.070,20.718,55.102,4.343,2.066,32.320,48.251,3.487,9.361,49.808,75.985,3.921,17.106,6.789,3.538,16.056,27.193,39.378,4.035,12.916,36.959,24.937,2.347,13.557,80.599,7.985,19.656
2004-04-26,20.043,16.631,20.173,20.788,55.177,4.349,2.068,32.360,48.762,3.501,9.372,50.013,76.234,3.926,17.179,6.785,3.553,16.087,27.305,39.635,4.048,12.949,37.066,25.095,2.364,13.571,80.809,8.010,19.822
2004-04-27,20.026,16.678,20.214,20.962,55.350,4.363,2.075,32.465,48.910,3.502,9.402,50.041,76.467,3.945,17.155,6.799,3.562,16.095,27.312,39.600,4.092,12.965,37.178,24.878,2.371,13.615,81.209,8.011,19.241
2004-04-28,20.022,16.758,20.207,21.076,55.656,4.386,2.086,32.635,48.966,3.514,9.451,50.253,76.810,3.978,17.191,6.814,3.580,16.167,27.411,39.786,4.031,12.977,37.210,25.069,2.370,13.695,81.040,8.058,19.310
2004-04-29,19.790,16.787,20.132,21.175,55.723,4.396,2.090,32.705,48.720,3.546,9.472,50.420,76.910,4.003,17.042,6.830,3.587,16.208,27.655,40.137,3.991,12.889,37.173,24.984,2.362,13.714,81.104,8.093,19.073
2004-04-30,19.627,16.714,19.857,20.978,55.474,4.373,2.080,32.540,48.296,3.493,9.424,49.909,76.397,3.958,16.998,6.764,3.557,15.999,27.240,39.305,3.974,12.955,36.914,24.675,2.322,13.644,80.435,8.049,19.183
2004-05-03,19.600,16.726,19.850,20.981,55.539,4.375,2.081,32.555,48.235,3.492,9.429,49.912,76.398,3.965,17.025,6.792,3.561,16.013,27.239,39.547,3.933,12.935,36.957,24.756,2.324,13.652,80.738,8.073,18.638
2004-05-04,19.459,16.604,19.604,20.820,55.097,4.343,2.066,32.320,47.897,3.435,9.361,49.321,75.785,3.926,16.873,6.767,3.537,15.801,26.794,38.859,3.887,12.861,36.571,24.383,2.289,13.545,80.368,8.026,18.536
2004-05-05,19.353,16.545,19.275,20.805,54.928,4.326,2.058,32.195,47.576,3.405,9.324,49.053,75.413,3.940,16.818,6.775,3.523,15.751,26.555,38.697,3.883,12.830,36.107,24.410,2.274,13.493,80.237,7.985,18.447
2004-05-06,19.418,16.550,19.308,20.783,54.974,4.327,2.058,32.200,47.750,3.409,9.326,49.077,75.525,3.945,16.854,6.754,3.536,15.746,26.585,38.914,3.884,12.798,36.212,24.285,2.280,13.500,80.274,7.959,18.190
2004-05-07,19.199,16.557,19.405,20.798,54.975,4.330,2.059,32.220,47.961,3.422,9.331,49.145,75.624,3.979,16.794,6.784,3.540,15.796,26.693,39.040,3.907,12.772,36.513,24.141,2.279,13.500,80.209,7.992,17.957
2004-05-10,18.907,16.553,19.542,20.891,54.968,4.329,2.059,32.210,48.231,3.487,9.329,49.423,75.803,3.977,16.532,6.762,3.530,15.752,27.195,39.634,3.834,12.574,36.624,23.955,2.285,13.505,79.827,7.966,17.625
2004-05-11,18.910,16.525,19.592,20.847,54.893,4.322,2.055,32.160,47.858,3.493,9.314,49.337,75.604,3.923,16.463,6.766,3.507,15.792,27.246,39.231,3.909,12.653,36.560,23.946,2.293,13.475,79.811,7.942,17.624
2004-05-12,18.900,16.496,19.490,20.832,54.789,4.314,2.052,32.100,47.917,3.471,9.297,49.091,75.502,3.912,16.569,6.731,3.500,15.779,27.071,38.930,3.958,12.615,36.448,23.914,2.291,13.455,79.791,7.932,17.763
2004-05-13,18.485,16.391,19.405,20.732,54.379,4.287,2.039,31.900,47.601,3.459,9.239,48.767,75.020,3.907,16.157,6.688,3.487,15.631,26.980,38.912,3.873,12.463,36.286,23.604,2.276,13.361,79.088,7.897,17.454
2004-05-14,18.571,16.420,19.397,20.750,54.547,4.295,2.042,31.955,47.424,3.472,9.255,48.991,75.086,3.903,16.264,6.704,3.487,15.670,27.077,38.948,3.918,12.464,36.450,23.581,2.281,13.390,79.470,7.889,17.623
2004-05-17,18.356,16.380,19.167,20.755,54.405,4.285,2.038,31.880,46.914,3.400,9.233,48.415,74.665,3.851,16.073,6.676,3.468,15.380,26.517,38.042,3.926,12.559,36.183,23.323,2.242,13.350,79.481,7.870,17.292
2004-05-18,18.301,16.383,19.052,20.774,54.422,4.286,2.038,31.890,47.057,3.411,9.236,48.450,74.735,3.854,16.033,6.740,3.481,15.423,26.602,38.523,3.932,12.579,36.215,23.369,2.245,13.355,79.472,7.850,17.191
2004-05-19,18.525,16.384,19.227,20.722,54.364,4.285,2.038,31.880,47.357,3.417,9.233,48.589,74.829,3.840,16.146,6.772,3.495,15.504,26.598,38.459,3.948,12.614,36.224,23.565,2.267,13.353,79.441,7.844,17.154
2004-05-20,18.585,16.388,19.423,20.759,54.411,4.288,2.039,31.900,47.366,3.432,9.239,48.741,74.900,3.858,16.217,6.804,3.516,15.577,26.754,38.786,3.936,12.626,36.313,23.650,2.268,13.356,79.482,7.852,17.205
2004-05-21,18.543,16.354,19.326,20.701,54.379,4.278,2.034,31.830,47.394,3.396,9.218,48.503,74.727,3.857,16.174,6.801,3.496,15.437,26.461,38.256,3.923,12.566,36.196,23.614,2.252,13.331,79.272,7.824,17.017
2004-05-24,18.557,16.313,19.371,20.683,54.236,4.267,2.029,31.750,47.510,3.405,9.195,48.527,74.640,3.855,16.178,6.842,3.490,15.472,26.532,38.581,3.948,12.587,36.313,23.588,2.254,13.303,79.088,7.796,17.251
2004-05-25,18.450,16.250,19.176,20.569,53.996,4.251,2.022,31.630,47.337,3.364,9.160,48.111,74.317,3.847,16.092,6.808,3.466,15.264,26.221,37.996,3.958,12.548,36.069,23.250,2.227,13.252,78.799,7.752,17.273
2004-05-26,18.477,16.246,19.138,20.561,54.075,4.250,2.021,31.620,47.446,3.351,9.158,48.118,74.298,3.848,16.208,6.786,3.470,15.266,26.118,38.007,3.955,12.558,36.117,23.407,2.214,13.246,79.036,7.763,17.389
2004-05-27,18.678,16.374,19.156,20.754,54.437,4.284,2.037,31.865,47.827,3.361,9.229,48.379,74.860,3.892,16.481,6.845,3.505,15.359,26.195,38.253,3.987,12.688,36.511,23.503,2.239,13.347,79.563,7.820,17.177
2004-05-28,18.512,16.314,19.040,20.756,54.299,4.270,2.030,31.760,47.604,3.328,9.199,48.088,74.553,3.867,16.357,6.838,3.484,15.223,25.936,37.938,3.983,12.641,36.221,23.391,2.226,13.299,79.271,7.786,17.407
2004-05-31,18.576,16.240,19.043,20.704,53.975,4.252,2.021,31.625,47.607,3.326,9.159,48.092,74.317,3.857,16.389,6.809,3.479,15.270,25.924,38.078,3.985,12.580,36.270,23.722,2.235,13.234,79.082,7.755,17.294
2004-06-01,18.459,16.213,18.909,20.672,54.118,4.247,2.019,31.590,47.451,3.312,9.149,47.908,74.170,3.861,16.334,6.797,3.471,15.186,25.823,37.929,4.022,12.567,36.123,23.556,2.225,13.213,79.034,7.749,17.209
2004-06-02,17.968,16.152,18.785,20.598,53.934,4.231,2.011,31.465,47.298,3.287,9.113,47.593,73.877,3.841,16.037,6.749,3.446,15.019,25.624,37.690,3.981,12.508,35.901,23.202,2.200,13.152,78.830,7.711,16.939
2004-06-03,17.855,16.120,18.905,20.568,53.823,4.222,2.006,31.390,47.169,3.293,9.091,47.373,73.720,3.833,16.041,6.739,3.432,14.996,25.674,37.780,3.965,12.467,35.825,23.050,2.205,13.127,78.632,7.690,16.863
2004-06-04,17.723,16.012,18.863,20.506,53.718,4.212,2.001,31.315,47.177,3.292,9.069,47.372,73.599,3.828,15.939,6.745,3.424,14.996,25.664,37.639,3.982,12.422,35.871,23.061,2.205,13.095,78.356,7.686,17.080
2004-06-07,17.840,15.987,18.842,20.511,53.596,4.206,1.998,31.265,46.646,3.256,9.055,47.093,73.149,3.820,15.977,6.725,3.423,14.892,25.381,37.225,3.914,12.419,35.805,23.094,2.190,13.074,78.260,7.664,17.219
2004-06-08,17.841,15.976,18.915,20.519,53.554,4.203,1.997,31.245,46.745,3.260,9.049,47.178,73.295,3.815,15.968,6.800,3.432,14.888,25.417,37.462,3.893,12.441,35.771,23.133,2.195,13.064,78.367,7.665,17.214
2004-06-09,17.962,16.024,19.119,20.619,53.714,4.212,2.003,31.335,47.148,3.307,9.075,47.696,73.650,3.829,16.106,6.802,3.446,15.111,25.777,38.008,3.882,12.427,35.969,23.636,2.233,13.104,78.426,7.670,17.353
2004-06-10,18.032,16.020,19.135,20.715,53.795,4.212,2.002,31.330,47.374,3.334,9.074,47.938,73.756,3.784,16.391,6.828,3.425,15.181,25.999,38.209,3.906,12.376,35.967,23.766,2.243,13.101,78.551,7.666,17.333
2004-06-11,18.126,16.061,19.115,20.767,53.948,4.225,2.007,31.410,47.628,3.356,9.097,48.139,74.011,3.788,16.455,6.853,3.429,15.242,26.156,38.245,4.009,12.387,36.130,23.754,2.247,13.134,78.702,7.703,17.584
2004-06-14,18.023,16.083,19.217,20.771,53.969,4.231,2.010,31.450,47.394,3.361,9.108,48.073,74.039,3.774,16.368,6.892,3.427,15.210,26.207,38.319,3.986,12.419,36.125,23.572,2.254,13.151,78.901,7.720,17.362
2004-06-15,18.009,16.236,19.120,20.920,54.562,4.271,2.029,31.750,47.786,3.379,9.196,48.457,74.683,3.823,16.415,6.930,3.470,15.326,26.351,38.361,3.995,12.531,36.399,23.701,2.265,13.277,79.584,7.807,17.399
2004-06-16,18.268,16.281,19.225,20.895,54.618,4.283,2.035,31.840,48.282,3.386,9.222,48.710,75.004,3.837,16.686,6.960,3.481,15.386,26.408,38.491,4.046,12.586,36.478,24.008,2.282,13.310,79.740,7.806,17.623
2004-06-17,18.142,16.231,19.184,20.939,54.514,4.269,2.029,31.740,48.384,3.379,9.193,48.674,74.846,3.802,16.602,6.937,3.469,15.360,26.352,38.506,4.070,12.446,36.393,24.081,2.277,13.268,79.469,7.790,17.615
2004-06-18,18.173,16.279,19.283,21.081,54.673,4.284,2.035,31.840,48.534,3.390,9.221,48.831,75.079,3.799,16.570,6.949,3.480,15.403,26.440,38.706,4.080,12.472,36.486,24.228,2.279,13.303,79.750,7.812,17.763
2004-06-21,18.193,16.295,19.271,21.131,54.832,4.288,2.037,31.870,48.212,3.374,9.231,48.752,75.021,3.817,16.526,6.953,3.485,15.297,26.314,38.476,4.141,12.530,36.322,24.293,2.275,13.320,79.745,7.831,17.684
2004-06-22,18.134,16.331,19.396,21.099,54.851,4.296,2.041,31.930,48.090,3.386,9.248,48.800,75.095,3.836,16.533,6.967,3.485,15.368,26.408,38.721,4.188,12.503,36.327,24.344,2.280,13.335,79.889,7.863,17.777
2004-06-23,18.109,16.311,19.418,21.027,54.854,4.290,2.038,31.890,47.936,3.383,9.236,48.748,75.099,3.817,16.520,6.969,3.480,15.352,26.385,38.627,4.196,12.543,36.318,24.232,2.275,13.311,79.835,7.850,17.690
2004-06-24,18.157,16.165,19.361,20.896,54.412,4.253,2.020,31.610,47.319,3.344,9.155,48.309,74.187,3.782,16.443,6.939,3.448,15.234,26.080,38.159,4.136,12.481,35.920,24.257,2.257,13.198,79.149,7.738,17.506
2004-06-25,18.256,16.203,19.385,20.924,54.512,4.264,2.025,31.690,47.541,3.348,9.178,48.372,74.443,3.828,16.587,6.939,3.464,15.291,26.111,38.276,4.130,12.528,36.003,24.232,2.271,13.225,79.440,7.777,17.524
2004-06-28,18.232,16.277,19.349,20.931,54.741,4.281,2.034,31.820,47.772,3.343,9.215,48.443,74.733,3.828,16.636,6.998,3.478,15.267,26.065,38.253,4.190,12.558,36.113,24.186,2.262,13.273,79.729,7.813,17.452
2004-06-29,18.276,16.348,19.547,20.928,55.024,4.302,2.044,31.975,47.853,3.369,9.261,48.715,75.072,3.839,16.711,7.039,3.503,15.346,26.277,38.614,4.218,12.646,36.317,24.270,2.281,13.324,80.018,7.850,17.603
2004-06-30,18.096,16.243,19.443,20.840,54.649,4.273,2.030,31.760,47.358,3.351,9.198,48.329,74.531,3.765,16.539,7.025,3.473,15.203,26.139,38.361,4.164,12.623,35.977,23.996,2.262,13.234,79.634,7.816,17.584
2004-07-01,18.443,16.295,19.708,20.926,54.831,4.288,2.037,31.875,47.559,3.358,9.232,48.550,74.774,3.777,16.763,7.083,3.479,15.268,26.193,38.404,4.244,12.683,36.041,24.213,2.272,13.287,80.038,7.846,17.794
2004-07-02,18.393,16.278,19.653,20.930,54.694,4.282,2.035,31.835,47.597,3.359,9.220,48.444,74.718,3.749,16.749,7.052,3.470,15.271,26.198,38.481,4.186,12.675,36.049,23.990,2.268,13.268,80.018,7.838,17.917
2004-07-07,18.412,16.124,19.322,20.765,54.157,4.241,2.015,31.530,47.242,3.272,9.132,47.606,73.950,3.736,16.714,6.974,3.434,14.944,25.519,37.587,4.133,12.577,35.634,23.538,2.215,13.150,79.263,7.716,17.672
2004-07-08,18.308,16.088,19.253,20.717,54.036,4.232,2.011,31.465,47.192,3.267,9.113,47.557,73.814,3.718,16.656,6.946,3.429,14.925,25.481,37.661,4.194,12.542,35.695,23.380,2.216,13.120,78.899,7.692,17.603
2004-07-09,18.303,16.105,19.317,20.735,54.091,4.236,2.013,31.495,47.120,3.264,9.122,47.562,73.834,3.726,16.651,6.966,3.429,14.946,25.458,37.702,4.193,12.515,35.798,23.461,2.215,13.132,78.935,7.697,17.624
2004-07-12,18.456,16.106,19.285,20.747,54.098,4.237,2.013,31.500,47.251,3.258,9.123,47.567,73.875,3.724,16.729,7.009,3.424,14.971,25.412,37.703,4.180,12.518,35.689,23.484,2.214,13.134,79.086,7.717,17.614
2004-07-13,18.479,16.094,19.253,20.698,54.114,4.234,2.012,31.480,47.345,3.262,9.118,47.576,73.872,3.715,16.777,7.042,3.420,14.977,25.441,37.666,4.185,12.559,35.670,23.491,2.213,13.123,78.676,7.689,17.720
2004-07-14,18.439,16.109,19.264,20.661,54.154,4.237,2.013,31.500,47.289,3.262,9.123,47.555,73.891,3.699,16.661,7.051,3.420,14.954,25.444,37.636,4.164,12.605,35.754,23.372,2.207,13.133,78.745,7.683,17.744
2004-07-15,18.347,16.044,19.159,20.557,53.878,4.221,2.006,31.380,46.995,3.251,9.089,47.358,73.598,3.685,16.489,7.087,3.413,14.858,25.358,37.473,4.164,12.539,35.607,23.244,2.184,13.083,78.686,7.663,17.677
2004-07-16,18.382,16.026,19.196,20.524,53.843,4.216,2.003,31.345,47.177,3.253,9.078,47.352,73.584,3.697,16.540,7.076,3.408,14.868,25.373,37.476,4.215,12.533,35.614,23.154,2.179,13.069,78.628,7.636,17.667
2004-07-19,18.411,15.943,19.179,20.427,53.598,4.193,1.993,31.180,46.985,3.221,9.030,47.079,73.182,3.678,16.587,7.056,3.390,14.770,25.124,37.259,4.262,12.496,35.378,23.223,2.170,12.999,78.191,7.615,17.578
2004-07-20,18.431,16.007,19.283,20.433,53.765,4.210,2.001,31.305,46.943,3.241,9.067,47.279,73.420,3.688,16.578,6.994,3.400,14.833,25.278,37.460,4.237,12.547,35.575,23.308,2.178,13.052,78.597,7.655,17.481
2004-07-21,18.474,16.079,19.389,20.504,54.009,4.228,2.009,31.440,47.120,3.279,9.105,47.632,73.777,3.697,16.601,7.038,3.424,14.945,25.573,37.695,4.250,12.588,35.961,23.450,2.206,13.106,78.896,7.654,17.631
2004-07-22,18.355,16.066,19.395,20.494,53.927,4.224,2.008,31.415,47.224,3.284,9.099,47.651,73.777,3.705,16.468,7.050,3.418,14.930,25.612,37.704,4.231,12.577,36.056,23.400,2.204,13.090,78.822,7.648,17.501
2004-07-23,18.283,16.053,19.521,20.535,53.959,4.223,2.007,31.400,47.340,3.301,9.094,47.746,73.803,3.705,16.402,7.089,3.417,14.955,25.749,37.766,4.157,12.606,36.152,23.419,2.208,13.079,78.766,7.632,17.649
2004-07-26,18.457,16.141,19.678,20.592,54.218,4.245,2.018,31.570,47.752,3.327,9.143,48.112,74.272,3.710,16.564,7.108,3.431,15.081,25.952,38.074,4.206,12.676,36.339,23.694,2.234,13.153,79.176,7.671,17.506
2004-07-27,18.499,16.158,19.565,20.561,54.375,4.250,2.020,31.600,47.811,3.330,9.152,48.138,74.354,3.719,16.597,7.142,3.434,15.102,25.975,38.137,4.158,12.724,36.454,23.652,2.230,13.172,79.079,7.676,17.375
2004-07-28,18.340,16.186,19.691,20.611,54.449,4.258,2.023,31.655,47.847,3.374,9.168,48.403,74.540,3.742,16.447,7.178,3.437,15.240,26.307,38.315,4.179,12.764,36.621,23.594,2.254,13.193,78.871,7.702,17.638
2004-07-29,18.373,16.231,19.801,20.621,54.670,4.270,2.029,31.745,47.877,3.385,9.194,48.490,74.709,3.755,16.657,7.237,3.440,15.285,26.400,38.417,4.222,12.835,36.726,23.528,2.260,13.231,79.135,7.717,17.905
2004-07-30,18.465,16.202,19.897,20.558,54.708,4.263,2.026,31.695,47.822,3.375,9.180,48.428,74.595,3.764,16.756,7.215,3.432,15.289,26.328,38.380,4.215,12.765,36.686,23.613,2.250,13.209,79.148,7.716,17.910
2004-08-02,18.446,16.168,19.749,20.584,54.596,4.252,2.021,31.620,47.901,3.363,9.158,48.325,74.480,3.746,16.747,7.211,3.432,15.267,26.231,38.320,4.204,12.712,36.648,23.586,2.252,13.178,78.902,7.712,17.923
2004-08-03,18.483,16.230,19.790,20.594,54.733,4.269,2.029,31.745,48.033,3.385,9.194,48.592,74.756,3.768,16.853,7.182,3.447,15.344,26.400,38.464,4.172,12.660,36.787,23.824,2.266,13.228,79.214,7.718,17.880
2004-08-04,18.623,16.249,20.058,20.647,54.805,4.274,2.031,31.780,48.179,3.401,9.204,48.693,74.887,3.777,17.058,7.166,3.457,15.379,26.523,38.618,4.216,12.704,36.815,23.772,2.272,13.243,79.212,7.756,17.843
2004-08-05,18.542,16.225,19.990,20.622,54.803,4.268,2.028,31.730,47.992,3.378,9.190,48.508,74.709,3.792,16.982,7.190,3.456,15.302,26.349,38.443,4.226,12.739,36.686,23.656,2.265,13.224,79.078,7.750,17.919
2004-08-06,18.430,16.164,19.855,20.551,54.594,4.252,2.020,31.610,47.765,3.360,9.155,48.260,74.431,3.790,16.909,7.181,3.443,15.206,26.205,38.201,4.189,12.734,36.495,23.483,2.254,13.175,78.986,7.729,17.869
2004-08-09,18.420,16.107,19.544,20.467,54.410,4.236,2.013,31.500,47.303,3.298,9.124,47.717,73.964,3.785,16.817,7.185,3.426,14.982,25.720,37.810,4.211,12.777,36.202,23.205,2.224,13.127,78.928,7.715,17.771
2004-08-10,18.293,16.042,19.388,20.387,54.116,4.219,2.005,31.370,46.876,3.276,9.085,47.439,73.568,3.769,16.724,7.151,3.416,14.919,25.551,37.573,4.167,12.728,35.899,23.053,2.212,13.071,78.582,7.686,17.585
2004-08-11,18.332,16.091,19.454,20.415,54.275,4.231,2.011,31.463,47.038,3.299,9.113,47.673,73.838,3.778,16.774,7.114,3.420,15.023,25.729,37.740,4.160,12.715,36.053,23.168,2.229,13.109,78.638,7.737,17.605
2004-08-12,18.385,16.104,19.402,20.453,54.417,4.234,2.013,31.490,47.042,3.295,9.120,47.655,73.865,3.785,16.909,7.146,3.422,14.976,25.696,37.752,4.136,12.710,36.122,23.182,2.220,13.121,78.578,7.699,17.606
2004-08-13,18.277,16.097,19.357,20.519,54.484,4.233,2.012,31.485,46.987,3.305,9.119,47.676,73.861,3.798,16.909,7.068,3.415,14.977,25.774,37.725,3.952,12.666,36.344,23.070,2.218,13.123,78.277,7.725,17.542
2004-08-16,18.302,16.085,19.447,20.532,54.486,4.230,2.011,31.460,46.942,3.269,9.112,47.450,73.734,3.800,16.947,7.085,3.406,14.858,25.499,37.324,3.926,12.668,36.203,23.022,2.200,13.111,78.181,7.683,17.465
2004-08-17,18.297,16.096,19.546,20.484,54.351,4.234,2.012,31.485,46.895,3.272,9.119,47.475,73.758,3.802,16.972,7.100,3.410,14.866,25.518,37.592,3.904,12.732,36.024,23.076,2.204,13.120,78.340,7.704,17.430
2004-08-18,18.266,16.097,19.546,20.511,54.530,4.234,2.012,31.485,46.651,3.274,9.119,47.496,73.684,3.784,16.960,7.090,3.415,14.899,25.536,37.608,3.915,12.732,35.944,23.229,2.206,13.116,78.477,7.714,17.479
2004-08-19,18.489,16.183,19.638,20.619,54.781,4.256,2.023,31.650,46.782,3.284,9.166,47.700,74.029,3.816,17.088,7.090,3.433,14.984,25.610,37.779,3.919,12.686,36.134,23.385,2.217,13.190,78.865,7.707,17.475
2004-08-20,18.582,16.173,19.807,20.543,54.776,4.255,2.023,31.650,46.918,3.299,9.167,47.846,74.098,3.838,17.225,7.090,3.441,15.055,25.734,37.918,3.908,12.581,36.105,23.474,2.229,13.184,78.918,7.711,17.423
2004-08-23,18.655,16.219,19.926,20.585,54.924,4.264,2.027,31.720,47.043,3.320,9.186,48.050,74.293,3.839,17.336,7.135,3.456,15.154,25.894,38.053,3.895,12.610,36.284,23.643,2.245,13.217,79.063,7.706,17.291
2004-08-24,18.509,16.198,20.010,20.562,54.778,4.259,2.025,31.680,47.117,3.346,9.175,48.153,74.298,3.825,17.100,7.144,3.457,15.254,26.099,38.354,3.902,12.713,36.392,23.815,2.261,13.206,79.072,7.719,17.264
2004-08-25,18.525,16.213,20.039,20.586,54.859,4.265,2.027,31.710,47.143,3.365,9.184,48.270,74.397,3.815,17.024,7.188,3.463,15.315,26.245,38.297,3.923,12.713,36.312,23.805,2.270,13.210,79.058,7.739,17.432
2004-08-26,18.527,16.237,20.065,20.622,55.007,4.271,2.030,31.755,47.172,3.365,9.197,48.331,74.493,3.809,17.133,7.129,3.474,15.312,26.244,38.282,3.961,12.741,36.452,23.866,2.275,13.234,79.091,7.742,17.420
2004-08-27,18.630,16.283,20.164,20.677,55.104,4.282,2.035,31.845,47.412,3.378,9.223,48.537,74.730,3.812,17.285,7.133,3.490,15.408,26.351,38.515,3.965,12.782,36.515,24.066,2.288,13.271,79.177,7.763,17.521
2004-08-30,18.524,16.277,20.094,20.661,55.119,4.281,2.035,31.835,47.337,3.388,9.220,48.574,74.710,3.810,17.212,7.134,3.490,15.420,26.427,38.626,3.941,12.778,36.493,24.041,2.293,13.265,79.152,7.772,17.438
2004-08-31,18.430,16.298,19.971,20.660,55.227,4.285,2.037,31.875,47.211,3.375,9.232,48.487,74.711,3.794,17.142,7.151,3.493,15.360,26.321,38.448,3.941,12.789,36.393,23.960,2.285,13.283,79.256,7.775,17.483
2004-09-01,18.406,16.279,19.942,20.696,55.159,4.281,2.035,31.835,46.970,3.354,9.220,48.314,74.538,3.804,17.145,7.171,3.484,15.304,26.162,38.335,3.949,12.813,36.253,23.917,2.279,13.267,79.093,7.782,17.377
2004-09-02,18.192,16.228,19.982,20.695,54.992,4.267,2.028,31.735,46.730,3.344,9.191,48.147,74.270,3.804,16.981,7.153,3.479,15.313,26.074,38.170,3.993,12.783,36.047,23.855,2.266,13.227,79.007,7.754,17.251
2004-09-03,18.138,16.183,20.024,20.634,54.770,4.256,2.023,31.655,46.551,3.333,9.168,48.035,74.054,3.808,16.997,7.142,3.465,15.283,25.997,38.059,3.938,12.780,36.129,23.806,2.260,13.190,78.891,7.730,17.262
2004-09-06,18.177,16.214,20.229,20.676,54.901,4.264,2.027,31.710,46.765,3.368,9.184,48.299,74.275,3.809,17.017,7.195,3.472,15.401,26.267,38.455,3.954,12.793,36.139,23.861,2.278,13.213,78.989,7.767,17.367
2004-09-07,18.169,16.217,20.264,20.697,54.918,4.265,2.027,31.715,46.568,3.366,9.185,48.239,74.232,3.804,16.972,7.238,3.473,15.420,26.256,38.439,3.952,12.798,36.208,23.925,2.282,13.217,79.031,7.728,17.432
2004-09-08,18.187,16.230,20.399,20.639,55.023,4.269,2.029,31.745,46.772,3.381,9.194,48.429,74.365,3.810,16.917,7.238,3.488,15.525,26.370,38.460,3.940,12.771,36.309,24.043,2.294,13.227,79.051,7.763,17.545
2004-09-09,18.006,16.210,20.186,20.612,54.907,4.264,2.026,31.705,46.444,3.335,9.182,48.055,74.119,3.817,17.034,7.228,3.477,15.316,26.012,38.051,3.903,12.703,36.040,23.704,2.272,13.213,79.006,7.695,17.464
2004-09-10,17.944,16.237,20.114,20.617,54.988,4.270,2.030,31.760,46.468,3.329,9.198,48.018,74.175,3.817,16.935,7.209,3.490,15.270,25.968,38.008,3.892,12.660,36.039,23.579,2.266,13.226,79.064,7.716,17.434
2004-09-13,18.042,16.181,20.008,20.529,54.849,4.256,2.023,31.650,46.556,3.316,9.167,47.861,74.010,3.790,16.999,7.196,3.481,15.224,25.864,37.942,3.946,12.700,36.106,23.456,2.259,13.191,78.967,7.700,17.232
2004-09-14,18.027,16.117,19.802,20.417,54.641,4.238,2.015,31.525,46.261,3.303,9.130,47.673,73.697,3.770,17.007,7.201,3.464,15.225,25.758,37.760,3.943,12.692,35.957,23.443,2.249,13.135,78.852,7.682,17.143
2004-09-15,17.933,16.049,19.756,20.356,54.373,4.219,2.006,31.385,45.834,3.288,9.090,47.469,73.311,3.736,16.958,7.194,3.442,15.189,25.648,37.591,3.915,12.654,35.758,23.389,2.242,13.081,78.541,7.621,17.156
2004-09-16,18.012,16.069,19.991,20.326,54.498,4.224,2.008,31.425,46.227,3.314,9.101,47.726,73.537,3.724,16.995,7.226,3.443,15.302,25.848,37.885,3.938,12.711,35.913,23.586,2.256,13.095,78.730,7.647,17.118
2004-09-17,18.035,16.081,19.839,20.317,54.459,4.227,2.010,31.450,46.243,3.302,9.109,47.618,73.559,3.728,17.050,7.228,3.453,15.222,25.757,37.730,3.934,12.701,36.046,23.414,2.246,13.108,78.763,7.656,17.029
2004-09-20,18.068,16.034,19.898,20.275,54.329,4.216,2.004,31.360,46.089,3.314,9.082,47.662,73.375,3.725,17.063,7.260,3.453,15.298,25.847,37.862,3.958,12.694,35.951,23.540,2.255,13.066,78.518,7.627,16.855
2004-09-21,18.040,16.092,19.858,20.368,54.559,4.232,2.012,31.475,46.061,3.288,9.116,47.530,73.510,3.749,17.013,7.292,3.476,15.172,25.643,37.452,3.983,12.802,35.932,23.385,2.236,13.116,78.914,7.651,16.881
2004-09-22,18.113,16.098,19.987,20.341,54.501,4.233,2.012,31.485,46.063,3.297,9.119,47.556,73.560,3.751,17.016,7.296,3.478,15.188,25.714,37.682,3.936,12.789,35.976,23.255,2.247,13.119,78.806,7.663,17.044
2004-09-23,18.280,16.128,19.974,20.380,54.646,4.241,2.016,31.545,46.130,3.284,9.136,47.501,73.654,3.782,17.092,7.263,3.484,15.115,25.615,37.538,3.949,12.828,35.959,23.134,2.234,13.143,78.863,7.651,17.157
2004-09-24,18.318,16.140,20.046,20.404,54.741,4.243,2.018,31.570,46.214,3.289,9.143,47.560,73.710,3.786,17.118,7.239,3.493,15.167,25.649,37.674,3.988,12.818,36.031,23.181,2.232,13.150,78.897,7.669,17.145
2004-09-27,18.364,16.150,20.190,20.388,54.766,4.246,2.019,31.585,46.529,3.304,9.147,47.687,73.875,3.775,17.149,7.231,3.489,15.210,25.770,37.834,4.008,12.839,36.186,23.171,2.242,13.161,78.937,7.681,17.209
2004-09-29,18.393,16.170,20.198,20.396,54.854,4.251,2.022,31.630,46.397,3.291,9.161,47.557,73.885,3.788,17.181,7.252,3.494,15.158,25.666,37.691,3.974,12.808,36.086,23.143,2.226,13.179,78.996,7.700,17.048
2004-09-30,18.405,16.187,20.116,20.395,55.006,4.254,2.023,31.660,46.092,3.272,9.170,47.402,73.816,3.796,17.181,7.229,3.494,15.118,25.512,37.476,3.967,12.796,36.026,23.077,2.215,13.189,79.035,7.688,16.991
2004-10-01,18.439,16.164,20.181,20.402,54.930,4.249,2.021,31.615,45.746,3.266,9.157,47.348,73.629,3.796,17.135,7.245,3.502,15.114,25.468,37.413,3.930,12.837,35.980,23.101,2.217,13.170,78.880,7.682,16.906
2004-10-04,18.471,16.118,20.198,20.307,54.776,4.237,2.015,31.525,45.778,3.285,9.130,47.407,73.505,3.801,17.130,7.289,3.485,15.201,25.619,37.634,3.948,12.765,35.964,23.083,2.228,13.132,78.739,7.660,16.955
2004-10-05,18.488,16.085,20.165,20.252,54.641,4.228,2.011,31.460,45.611,3.278,9.112,47.257,73.350,3.801,17.213,7.291,3.480,15.160,25.564,37.444,3.906,12.809,35.836,23.044,2.225,13.105,78.621,7.650,16.980
2004-10-06,18.454,16.066,20.260,20.216,54.579,4.223,2.008,31.425,45.574,3.280,9.101,47.241,73.261,3.800,17.174,7.271,3.478,15.124,25.581,37.462,3.913,12.782,35.901,23.027,2.220,13.090,78.513,7.654,17.003
2004-10-07,18.549,16.043,20.312,20.201,54.489,4.216,2.006,31.380,45.429,3.272,9.089,47.169,73.124,3.788,17.240,7.223,3.469,15.102,25.509,37.359,3.869,12.745,35.941,22.926,2.218,13.076,78.342,7.642,16.978
2004-10-08,18.516,16.036,20.260,20.201,54.454,4.215,2.004,31.360,45.510,3.269,9.082,47.180,73.147,3.778,17.246,7.239,3.458,15.102,25.468,37.374,3.844,12.737,35.863,23.051,2.218,13.071,78.351,7.633,16.996
2004-10-11,18.593,16.049,20.207,20.257,54.520,4.218,2.006,31.385,45.470,3.252,9.090,47.082,73.120,3.816,17.276,7.291,3.467,15.071,25.330,37.172,3.866,12.782,35.896,23.196,2.210,13.083,78.394,7.663,16.940
2004-10-12,18.620,16.051,20.288,20.260,54.522,4.220,2.006,31.390,45.560,3.272,9.091,47.273,73.182,3.832,17.292,7.306,3.466,15.126,25.494,37.413,3.895,12.745,35.966,23.214,2.225,13.081,78.434,7.658,17.036
2004-10-13,18.532,16.090,20.252,20.355,54.610,4.231,2.011,31.470,45.852,3.291,9.114,47.444,73.458,3.826,17.256,7.305,3.472,15.204,25.653,37.647,3.891,12.733,36.007,23.325,2.236,13.116,78.621,7.689,17.217
2004-10-14,18.517,16.084,20.252,20.357,54.591,4.230,2.011,31.460,45.750,3.262,9.111,47.262,73.340,3.840,17.230,7.324,3.460,15.112,25.415,37.307,3.870,12.698,36.068,23.227,2.220,13.110,78.601,7.627,17.051
2004-10-15,18.495,16.089,20.126,20.411,54.694,4.230,2.011,31.465,45.637,3.255,9.113,47.198,73.311,3.829,17.355,7.299,3.455,15.087,25.345,37.327,3.911,12.705,36.004,23.198,2.213,13.116,78.722,7.662,17.027
2004-10-18,18.351,16.047,20.042,20.403,54.518,4.220,2.006,31.385,45.370,3.229,9.090,46.931,73.046,3.810,17.307,7.315,3.450,14.985,25.157,37.087,3.930,12.687,36.019,22.988,2.200,13.081,78.551,7.606,16.981
2004-10-19,18.298,16.070,19.954,20.430,54.613,4.225,2.009,31.430,45.268,3.225,9.103,46.961,73.073,3.814,17.254,7.328,3.461,14.998,25.122,37.193,3.969,12.751,35.963,23.143,2.194,13.100,78.654,7.632,17.055
2004-10-20,18.376,16.102,20.031,20.486,54.734,4.234,2.013,31.490,45.227,3.212,9.120,46.907,73.143,3.826,17.291,7.327,3.470,14.951,25.011,37.131,3.978,12.787,35.938,23.085,2.188,13.129,78.794,7.644,16.825
2004-10-21,18.397,16.114,20.055,20.512,54.793,4.239,2.014,31.520,45.679,3.210,9.129,46.946,73.298,3.828,17.298,7.322,3.472,14.947,24.994,37.240,4.012,12.767,36.106,23.219,2.190,13.139,78.879,7.666,16.831
2004-10-22,18.468,16.147,20.134,20.527,54.857,4.247,2.018,31.580,45.692,3.215,9.146,47.035,73.440,3.845,17.340,7.371,3.473,15.002,25.037,37.308,4.038,12.775,36.235,23.272,2.195,13.168,79.049,7.682,16.917
2004-10-25,18.433,16.142,20.200,20.593,54.820,4.246,2.018,31.570,45.441,3.173,9.143,46.688,73.252,3.838,17.324,7.294,3.478,14.835,24.675,37.032,4.004,12.774,35.966,23.156,2.174,13.161,78.925,7.680,16.723
2004-10-26,18.486,16.179,20.236,20.640,54.900,4.256,2.022,31.645,45.494,3.181,9.165,46.807,73.426,3.842,17.284,7.263,3.499,14.868,24.752,37.113,3.970,12.771,35.901,23.181,2.184,13.194,79.172,7.715,16.696
2004-10-27,18.495,16.154,20.212,20.623,54.874,4.250,2.019,31.595,45.483,3.175,9.150,46.720,73.320,3.871,17.255,7.266,3.501,14.850,24.696,37.035,4.004,12.761,35.810,23.171,2.188,13.171,79.057,7.722,16.715
2004-10-29,18.456,16.125,20.273,20.612,54.723,4.243,2.015,31.535,45.337,3.181,9.131,46.725,73.173,3.870,16.895,7.289,3.484,14.884,24.760,36.984,4.046,12.818,35.839,23.338,2.212,13.148,78.956,7.716,16.798
2004-11-01,18.444,16.110,20.247,20.571,54.661,4.240,2.014,31.510,45.281,3.177,9.126,46.628,73.122,3.877,16.915,7.309,3.481,14.826,24.718,37.046,4.032,12.813,35.867,23.245,2.209,13.140,78.927,7.730,16.763
2004-11-02,18.464,16.087,20.227,20.540,54.570,4.233,2.011,31.465,45.500,3.182,9.113,46.707,73.127,3.847,16.958,7.306,3.480,14.850,24.764,37.050,4.011,12.807,35.877,23.281,2.221,13.123,78.824,7.753,16.795
2004-11-03,18.571,16.083,20.199,20.520,54.556,4.232,2.010,31.455,45.472,3.169,9.110,46.590,73.085,3.839,16.961,7.316,3.470,14.791,24.665,36.902,4.031,12.792,35.837,23.157,2.210,13.117,78.775,7.902,16.848
2004-11-04,18.525,16.093,20.302,20.565,54.577,4.235,2.012,31.475,45.181,3.144,9.116,46.392,72.977,3.860,16.889,7.298,3.467,14.757,24.453,36.590,4.009,12.825,35.937,23.039,2.196,13.127,78.914,7.938,16.732
2004-11-05,18.533,16.077,20.272,20.531,54.511,4.230,2.010,31.445,45.062,3.145,9.107,46.363,72.876,3.844,16.888,7.329,3.452,14.737,24.457,36.782,3.973,12.799,36.090,23.035,2.202,13.111,78.869,7.862,16.757
2004-11-08,18.460,16.072,20.358,20.564,54.508,4.229,2.009,31.435,45.101,3.130,9.104,46.296,72.861,3.838,16.903,7.360,3.458,14.725,24.338,36.627,3.934,12.816,36.038,23.018,2.202,13.108,79.026,7.719,16.721
2004-11-09,18.432,16.065,20.407,20.573,54.422,4.228,2.008,31.420,45.128,3.130,9.100,46.290,72.832,3.817,16.856,7.371,3.447,14.732,24.335,36.678,3.914,12.803,36.017,23.006,2.205,13.103,79.129,7.730,16.673
2004-11-10,18.477,16.063,20.289,20.635,54.434,4.228,2.008,31.420,44.962,3.112,9.100,46.153,72.754,3.841,16.664,7.372,3.465,14.636,24.212,36.572,3.932,12.840,35.883,22.864,2.180,13.104,79.303,7.752,16.635
2004-11-11,18.551,16.096,20.420,20.725,54.534,4.236,2.012,31.480,44.954,3.138,9.118,46.364,72.901,3.865,16.752,7.360,3.488,14.734,24.420,36.698,3.937,12.878,35.920,22.871,2.196,13.131,79.430,7.796,16.720
2004-11-12,18.699,16.112,20.468,20.723,54.577,4.240,2.014,31.510,44.991,3.137,9.126,46.410,72.960,3.883,16.900,7.356,3.514,14.750,24.393,36.657,3.958,12.887,36.168,23.015,2.208,13.142,79.521,7.823,16.765
2004-11-15,18.750,16.082,20.305,20.642,54.446,4.233,2.010,31.455,45.003,3.122,9.110,46.308,72.838,3.891,17.013,7.372,3.510,14.706,24.275,36.650,4.017,12.897,36.250,23.039,2.223,13.118,79.402,7.920,16.689
2004-11-16,18.713,16.052,20.249,20.599,54.373,4.224,2.007,31.395,44.877,3.114,9.093,46.196,72.691,3.879,16.990,7.368,3.503,14.668,24.207,36.575,4.005,12.843,35.987,22.976,2.220,13.095,79.527,7.928,16.608
2004-11-18,18.740,15.986,19.972,20.612,54.093,4.207,1.998,31.265,44.500,3.086,9.055,45.888,72.290,3.848,17.019,7.349,3.488,14.548,24.004,36.404,3.977,12.713,36.045,23.068,2.252,13.040,79.338,7.840,16.612
2004-11-19,18.706,15.916,19.884,20.542,53.880,4.189,1.989,31.125,44.387,3.074,9.014,45.736,72.013,3.827,16.968,7.337,3.470,14.511,23.906,36.267,3.993,12.607,35.831,23.066,2.237,12.982,79.234,7.850,16.572
2004-11-22,18.663,15.896,20.038,20.508,53.757,4.184,1.987,31.090,44.242,3.068,9.004,45.662,71.870,3.806,16.929,7.350,3.471,14.502,23.849,36.180,3.970,12.632,35.727,23.117,2.239,12.964,79.200,7.840,16.559
2004-11-23,18.652,15.861,19.997,20.475,53.618,4.174,1.983,31.020,44.345,3.047,8.984,45.544,71.763,3.804,16.885,7.386,3.467,14.429,23.697,35.985,3.953,12.674,35.631,23.009,2.223,12.937,79.022,7.875,16.506
2004-11-24,18.602,15.868,19.974,20.493,53.632,4.177,1.983,31.035,44.353,3.037,8.989,45.479,71.766,3.816,16.795,7.360,3.477,14.381,23.603,35.902,3.954,12.662,35.647,22.947,2.213,12.945,78.939,7.873,16.523
2004-11-25,18.556,15.855,19.910,20.518,53.556,4.175,1.982,31.010,44.256,3.020,8.981,45.315,71.682,3.820,16.794,7.352,3.474,14.307,23.468,35.814,3.988,12.620,35.642,22.840,2.220,12.932,78.996,7.861,16.406
2004-11-26,18.426,15.846,19.833,20.456,53.486,4.172,1.981,30.995,44.297,3.012,8.977,45.256,71.633,3.824,16.752,7.356,3.474,14.263,23.411,35.726,3.974,12.632,35.756,22.724,2.236,12.927,78.864,7.881,16.412
2004-11-29,18.374,15.864,19.794,20.450,53.543,4.176,1.983,31.025,44.258,3.012,8.986,45.264,71.689,3.844,16.772,7.372,3.478,14.298,23.420,35.739,4.027,12.579,35.862,22.772,2.237,12.941,78.994,7.965,16.354
2004-11-30,18.070,15.842,19.630,20.498,53.481,4.172,1.981,30.990,44.492,2.998,8.975,45.098,71.666,3.824,16.701,7.366,3.472,14.231,23.307,35.698,4.020,12.611,35.854,22.690,2.223,12.921,78.895,8.053,16.304
2004-12-01,17.975,15.845,19.560,20.388,53.486,4.170,1.980,30.985,44.805,2.998,8.974,45.159,71.754,3.811,16.637,7.414,3.466,14.245,23.307,35.835,4.009,12.662,35.937,22.640,2.228,12.922,78.961,8.072,16.373
2004-12-02,18.105,15.796,19.629,20.234,53.318,4.158,1.975,30.895,44.834,2.985,8.948,45.083,71.589,3.783,16.728,7.398,3.443,14.189,23.204,35.737,3.996,12.640,36.191,22.590,2.228,12.884,79.137,8.116,16.324
2004-12-03,17.901,15.745,19.331,20.162,53.132,4.145,1.968,30.795,44.619,2.979,8.919,44.895,71.336,3.767,16.570,7.372,3.440,14.128,23.152,35.552,3.969,12.586,36.817,22.470,2.215,12.842,78.812,8.276,16.356
2004-12-06,17.800,15.750,19.169,20.168,53.179,4.146,1.968,30.795,44.528,2.950,8.919,44.729,71.274,3.782,16.567,7.383,3.460,14.031,22.928,35.430,4.012,12.545,36.682,22.405,2.203,12.845,78.693,8.101,16.413
2004-12-07,17.738,15.708,19.117,20.080,53.061,4.136,1.964,30.725,44.484,2.938,8.899,44.537,71.098,3.777,16.491,7.359,3.450,13.967,22.829,35.305,3.981,12.503,36.848,22.209,2.191,12.810,78.595,8.022,16.341
2004-12-08,17.567,15.793,18.933,20.147,53.357,4.157,1.974,30.885,44.789,2.988,8.945,44.915,71.697,3.762,16.400,7.344,3.446,14.103,23.221,35.665,3.963,12.563,37.565,22.277,2.193,12.879,78.978,8.065,16.416
2004-12-09,17.453,15.739,18.913,20.063,53.121,4.143,1.968,30.785,44.493,2.975,8.916,44.770,71.273,3.736,16.381,7.352,3.423,14.019,23.137,35.457,3.931,12.453,36.784,22.116,2.192,12.834,78.748,8.006,16.079
2004-12-10,17.523,15.780,19.027,20.118,53.229,4.154,1.973,30.865,44.656,3.010,8.939,45.004,71.539,3.755,16.449,7.334,3.424,14.105,23.402,35.669,4.000,12.456,36.915,22.108,2.192,12.869,78.913,7.934,16.291
2004-12-13,17.485,15.650,18.812,19.942,52.825,4.120,1.956,30.610,44.215,2.967,8.865,44.565,70.886,3.731,16.396,7.282,3.413,13.997,23.071,35.301,4.012,12.381,36.508,22.018,2.173,12.762,78.568,7.789,16.121
2004-12-14,17.500,15.649,18.693,19.916,52.908,4.118,1.956,30.610,44.262,2.956,8.866,44.472,70.866,3.733,16.397,7.321,3.417,13.977,22.983,35.263,4.005,12.418,36.392,21.908,2.172,12.767,78.892,7.774,16.168
2004-12-15,17.443,15.658,18.585,20.039,52.861,4.120,1.957,30.625,44.318,2.943,8.871,44.443,70.900,3.721,16.370,7.366,3.404,13.941,22.884,35.196,3.983,12.466,36.137,21.946,2.157,12.770,78.991,7.813,16.172
2004-12-16,17.486,15.653,18.636,19.985,52.816,4.120,1.957,30.620,44.612,2.938,8.868,44.464,70.954,3.741,16.441,7.357,3.415,13.931,22.846,35.215,3.990,12.463,36.048,22.040,2.162,12.762,78.970,7.975,16.272
2004-12-17,17.424,15.566,18.615,19.812,52.538,4.097,1.946,30.445,44.388,2.950,8.818,44.445,70.628,3.704,16.382,7.343,3.384,13.939,22.951,35.196,3.967,12.395,36.227,21.999,2.165,12.695,78.773,7.860,16.341
2004-12-20,17.391,15.573,18.538,19.801,52.642,4.097,1.946,30.455,44.306,2.926,8.821,44.247,70.583,3.701,16.312,7.388,3.398,13.847,22.765,34.910,3.974,12.436,36.293,21.842,2.151,12.702,78.956,7.880,16.407
2004-12-21,17.449,15.594,18.571,19.801,52.704,4.103,1.949,30.500,44.049,2.927,8.834,44.244,70.567,3.693,16.237,7.436,3.400,13.871,22.768,35.042,4.013,12.446,36.417,21.803,2.157,12.718,79.057,7.902,16.350
2004-12-22,17.529,15.627,18.551,19.797,52.825,4.111,1.953,30.565,43.717,2.935,8.852,44.333,70.605,3.690,16.313,7.471,3.387,13.930,22.836,35.159,4.022,12.444,36.561,21.961,2.167,12.746,78.857,8.051,16.453
2004-12-23,17.412,15.647,18.374,19.814,52.796,4.114,1.956,30.600,43.640,2.922,8.862,44.257,70.621,3.694,16.215,7.516,3.389,13.878,22.739,34.911,4.026,12.445,36.514,21.873,2.164,12.765,78.830,8.018,16.487
2004-12-27,17.427,15.615,18.370,19.720,52.808,4.104,1.952,30.540,43.404,2.901,8.845,44.029,70.401,3.695,16.193,7.525,3.382,13.765,22.578,34.796,3.993,12.435,36.454,21.764,2.157,12.739,78.676,7.702,16.644
2004-12-28,17.477,15.632,18.457,19.802,52.744,4.109,1.954,30.575,43.475,2.885,8.855,43.917,70.442,3.696,16.229,7.536,3.403,13.726,22.424,34.799,3.987,12.436,36.402,21.764,2.151,12.752,78.710,7.768,16.626
2004-12-29,17.448,15.589,18.390,19.763,52.625,4.100,1.949,30.490,43.042,2.880,8.831,43.777,70.166,3.683,16.120,7.503,3.392,13.657,22.405,34.748,3.972,12.405,36.257,21.655,2.152,12.717,78.597,7.725,16.493
2004-12-30,17.329,15.541,18.445,19.688,52.383,4.087,1.943,30.400,42.888,2.873,8.804,43.575,69.940,3.688,15.985,7.471,3.372,13.639,22.344,34.610,3.944,12.374,36.317,21.554,2.145,12.680,78.502,7.713,16.619
2004-12-31,17.430,15.576,18.557,19.745,52.468,4.095,1.947,30.465,43.216,2.877,8.823,43.662,70.195,3.699,16.125,7.459,3.376,13.676,22.365,34.617,3.961,12.394,36.454,21.817,2.160,12.707,78.630,7.734,16.616
