date,time_from,time_to,price_eur_mwh
2026-01-01,00:00,01:00,111.55
2026-01-01,01:00,02:00,115.77
2026-01-01,02:00,03:00,124.93
2026-01-01,03:00,04:00,101.54
2026-01-01,04:00,05:00,88.4
2026-01-01,05:00,06:00,83.61
2026-01-01,06:00,07:00,88.2
2026-01-01,07:00,08:00,88.2
2026-01-01,08:00,09:00,62.1
2026-01-01,09:00,10:00,48.85
2026-01-01,10:00,11:00,34.99
2026-01-01,11:00,12:00,37.87
2026-01-01,12:00,13:00,46.05
2026-01-01,13:00,14:00,55.82
2026-01-01,14:00,15:00,88.2
2026-01-01,15:00,16:00,101.36
2026-01-01,16:00,17:00,109.99
2026-01-01,17:00,18:00,109.35
2026-01-01,18:00,19:00,108.07
2026-01-01,19:00,20:00,109.99
2026-01-01,20:00,21:00,119.99
2026-01-01,21:00,22:00,109.99
2026-01-01,22:00,23:00,99.99
2026-01-01,23:00,24:00,73.03
2026-01-02,00:00,01:00,83.55
2026-01-02,01:00,02:00,62.56
2026-01-02,02:00,03:00,52.28
2026-01-02,03:00,04:00,49.39
2026-01-02,04:00,05:00,59.12
2026-01-02,05:00,06:00,75.95
2026-01-02,06:00,07:00,99.57
2026-01-02,07:00,08:00,125.7
2026-01-02,08:00,09:00,116.03
2026-01-02,09:00,10:00,103.44
2026-01-02,10:00,11:00,101.99
2026-01-02,11:00,12:00,101.95
2026-01-02,12:00,13:00,94.87
2026-01-02,13:00,14:00,101.99
2026-01-02,14:00,15:00,110.94
2026-01-02,15:00,16:00,128.7
2026-01-02,16:00,17:00,138.4
2026-01-02,17:00,18:00,138.82
2026-01-02,18:00,19:00,135.98
2026-01-02,19:00,20:00,139.68
2026-01-02,20:00,21:00,135.63
2026-01-02,21:00,22:00,119.57
2026-01-02,22:00,23:00,102.52
2026-01-02,23:00,24:00,83.85
2026-01-03,00:00,01:00,80.63
2026-01-03,01:00,02:00,82.0
2026-01-03,02:00,03:00,85.4
2026-01-03,03:00,04:00,86.12
2026-01-03,04:00,05:00,82.85
2026-01-03,05:00,06:00,77.93
2026-01-03,06:00,07:00,82.86
2026-01-03,07:00,08:00,83.57
2026-01-03,08:00,09:00,90.69
2026-01-03,09:00,10:00,94.09
2026-01-03,10:00,11:00,93.31
2026-01-03,11:00,12:00,88.71
2026-01-03,12:00,13:00,87.41
2026-01-03,13:00,14:00,86.61
2026-01-03,14:00,15:00,91.14
2026-01-03,15:00,16:00,98.58
2026-01-03,16:00,17:00,105.52
2026-01-03,17:00,18:00,110.98
2026-01-03,18:00,19:00,112.35
2026-01-03,19:00,20:00,109.06
2026-01-03,20:00,21:00,105.86
2026-01-03,21:00,22:00,97.72
2026-01-03,22:00,23:00,93.14
2026-01-03,23:00,24:00,86.18
2026-01-04,00:00,01:00,88.82
2026-01-04,01:00,02:00,85.33
2026-01-04,02:00,03:00,85.04
2026-01-04,03:00,04:00,84.06
2026-01-04,04:00,05:00,82.56
2026-01-04,05:00,06:00,83.41
2026-01-04,06:00,07:00,84.17
2026-01-04,07:00,08:00,87.17
2026-01-04,08:00,09:00,88.67
2026-01-04,09:00,10:00,94.3
2026-01-04,10:00,11:00,94.76
2026-01-04,11:00,12:00,90.88
2026-01-04,12:00,13:00,89.54
2026-01-04,13:00,14:00,86.78
2026-01-04,14:00,15:00,92.89
2026-01-04,15:00,16:00,93.9
2026-01-04,16:00,17:00,108.18
2026-01-04,17:00,18:00,118.43
2026-01-04,18:00,19:00,121.18
2026-01-04,19:00,20:00,119.72
2026-01-04,20:00,21:00,112.45
2026-01-04,21:00,22:00,99.91
2026-01-04,22:00,23:00,98.45
2026-01-04,23:00,24:00,89.21
2026-01-05,00:00,01:00,92.54
2026-01-05,01:00,02:00,88.85
2026-01-05,02:00,03:00,86.51
2026-01-05,03:00,04:00,86.31
2026-01-05,04:00,05:00,87.5
2026-01-05,05:00,06:00,90.86
2026-01-05,06:00,07:00,109.02
2026-01-05,07:00,08:00,129.31
2026-01-05,08:00,09:00,151.18
2026-01-05,09:00,10:00,152.15
2026-01-05,10:00,11:00,146.09
2026-01-05,11:00,12:00,137.07
2026-01-05,12:00,13:00,134.99
2026-01-05,13:00,14:00,140.59
2026-01-05,14:00,15:00,164.75
2026-01-05,15:00,16:00,178.34
2026-01-05,16:00,17:00,199.63
2026-01-05,17:00,18:00,224.13
2026-01-05,18:00,19:00,213.59
2026-01-05,19:00,20:00,182.8
2026-01-05,20:00,21:00,147.03
2026-01-05,21:00,22:00,129.1
2026-01-05,22:00,23:00,123.85
2026-01-05,23:00,24:00,111.3
2026-01-06,00:00,01:00,104.7
2026-01-06,01:00,02:00,104.6
2026-01-06,02:00,03:00,101.55
2026-01-06,03:00,04:00,100.09
2026-01-06,04:00,05:00,102.45
2026-01-06,05:00,06:00,107.0
2026-01-06,06:00,07:00,121.29
2026-01-06,07:00,08:00,138.5
2026-01-06,08:00,09:00,164.19
2026-01-06,09:00,10:00,168.82
2026-01-06,10:00,11:00,154.84
2026-01-06,11:00,12:00,147.27
2026-01-06,12:00,13:00,134.48
2026-01-06,13:00,14:00,130.7
2026-01-06,14:00,15:00,131.22
2026-01-06,15:00,16:00,137.54
2026-01-06,16:00,17:00,145.96
2026-01-06,17:00,18:00,152.99
2026-01-06,18:00,19:00,148.27
2026-01-06,19:00,20:00,139.12
2026-01-06,20:00,21:00,122.04
2026-01-06,21:00,22:00,113.16
2026-01-06,22:00,23:00,108.0
2026-01-06,23:00,24:00,94.25
2026-01-07,00:00,01:00,94.36
2026-01-07,01:00,02:00,89.02
2026-01-07,02:00,03:00,85.39
2026-01-07,03:00,04:00,81.98
2026-01-07,04:00,05:00,83.94
2026-01-07,05:00,06:00,96.81
2026-01-07,06:00,07:00,115.58
2026-01-07,07:00,08:00,142.34
2026-01-07,08:00,09:00,160.19
2026-01-07,09:00,10:00,158.9
2026-01-07,10:00,11:00,139.08
2026-01-07,11:00,12:00,139.81
2026-01-07,12:00,13:00,144.38
2026-01-07,13:00,14:00,159.5
2026-01-07,14:00,15:00,156.83
2026-01-07,15:00,16:00,173.65
2026-01-07,16:00,17:00,174.12
2026-01-07,17:00,18:00,175.0
2026-01-07,18:00,19:00,163.95
2026-01-07,19:00,20:00,155.0
2026-01-07,20:00,21:00,143.61
2026-01-07,21:00,22:00,119.35
2026-01-07,22:00,23:00,109.63
2026-01-07,23:00,24:00,99.13
2026-01-08,00:00,01:00,91.51
2026-01-08,01:00,02:00,89.89
2026-01-08,02:00,03:00,84.52
2026-01-08,03:00,04:00,82.47
2026-01-08,04:00,05:00,87.13
2026-01-08,05:00,06:00,95.48
2026-01-08,06:00,07:00,120.08
2026-01-08,07:00,08:00,168.47
2026-01-08,08:00,09:00,205.09
2026-01-08,09:00,10:00,208.38
2026-01-08,10:00,11:00,206.48
2026-01-08,11:00,12:00,210.35
2026-01-08,12:00,13:00,216.13
2026-01-08,13:00,14:00,230.98
2026-01-08,14:00,15:00,257.32
2026-01-08,15:00,16:00,256.62
2026-01-08,16:00,17:00,253.31
2026-01-08,17:00,18:00,240.91
2026-01-08,18:00,19:00,224.15
2026-01-08,19:00,20:00,188.87
2026-01-08,20:00,21:00,147.02
2026-01-08,21:00,22:00,120.59
2026-01-08,22:00,23:00,110.61
2026-01-08,23:00,24:00,96.06
2026-01-09,00:00,01:00,94.9
2026-01-09,01:00,02:00,88.35
2026-01-09,02:00,03:00,81.99
2026-01-09,03:00,04:00,66.75
2026-01-09,04:00,05:00,83.39
2026-01-09,05:00,06:00,91.67
2026-01-09,06:00,07:00,112.17
2026-01-09,07:00,08:00,141.95
2026-01-09,08:00,09:00,158.99
2026-01-09,09:00,10:00,150.0
2026-01-09,10:00,11:00,142.15
2026-01-09,11:00,12:00,138.7
2026-01-09,12:00,13:00,133.71
2026-01-09,13:00,14:00,138.99
2026-01-09,14:00,15:00,149.86
2026-01-09,15:00,16:00,140.0
2026-01-09,16:00,17:00,132.97
2026-01-09,17:00,18:00,129.7
2026-01-09,18:00,19:00,115.22
2026-01-09,19:00,20:00,112.07
2026-01-09,20:00,21:00,101.49
2026-01-09,21:00,22:00,97.67
2026-01-09,22:00,23:00,98.24
2026-01-09,23:00,24:00,91.3
2026-01-10,00:00,01:00,89.53
2026-01-10,01:00,02:00,91.22
2026-01-10,02:00,03:00,92.43
2026-01-10,03:00,04:00,92.43
2026-01-10,04:00,05:00,92.43
2026-01-10,05:00,06:00,88.54
2026-01-10,06:00,07:00,93.85
2026-01-10,07:00,08:00,104.48
2026-01-10,08:00,09:00,123.03
2026-01-10,09:00,10:00,132.85
2026-01-10,10:00,11:00,129.17
2026-01-10,11:00,12:00,126.42
2026-01-10,12:00,13:00,123.48
2026-01-10,13:00,14:00,120.82
2026-01-10,14:00,15:00,121.52
2026-01-10,15:00,16:00,123.77
2026-01-10,16:00,17:00,131.54
2026-01-10,17:00,18:00,141.17
2026-01-10,18:00,19:00,137.61
2026-01-10,19:00,20:00,128.38
2026-01-10,20:00,21:00,120.81
2026-01-10,21:00,22:00,113.66
2026-01-10,22:00,23:00,107.93
2026-01-10,23:00,24:00,98.2
2026-01-11,00:00,01:00,96.9
2026-01-11,01:00,02:00,92.75
2026-01-11,02:00,03:00,88.04
2026-01-11,03:00,04:00,84.86
2026-01-11,04:00,05:00,82.68
2026-01-11,05:00,06:00,82.26
2026-01-11,06:00,07:00,81.6
2026-01-11,07:00,08:00,84.26
2026-01-11,08:00,09:00,92.11
2026-01-11,09:00,10:00,103.65
2026-01-11,10:00,11:00,101.3
2026-01-11,11:00,12:00,100.55
2026-01-11,12:00,13:00,97.29
2026-01-11,13:00,14:00,97.12
2026-01-11,14:00,15:00,99.78
2026-01-11,15:00,16:00,102.22
2026-01-11,16:00,17:00,111.85
2026-01-11,17:00,18:00,116.76
2026-01-11,18:00,19:00,112.23
2026-01-11,19:00,20:00,104.92
2026-01-11,20:00,21:00,124.38
2026-01-11,21:00,22:00,103.06
2026-01-11,22:00,23:00,100.17
2026-01-11,23:00,24:00,93.05
2026-01-12,00:00,01:00,84.56
2026-01-12,01:00,02:00,84.44
2026-01-12,02:00,03:00,84.65
2026-01-12,03:00,04:00,83.86
2026-01-12,04:00,05:00,89.28
2026-01-12,05:00,06:00,96.0
2026-01-12,06:00,07:00,134.21
2026-01-12,07:00,08:00,197.96
2026-01-12,08:00,09:00,223.14
2026-01-12,09:00,10:00,223.88
2026-01-12,10:00,11:00,196.5
2026-01-12,11:00,12:00,193.21
2026-01-12,12:00,13:00,197.17
2026-01-12,13:00,14:00,212.96
2026-01-12,14:00,15:00,216.92
2026-01-12,15:00,16:00,238.51
2026-01-12,16:00,17:00,257.61
2026-01-12,17:00,18:00,248.71
2026-01-12,18:00,19:00,220.4
2026-01-12,19:00,20:00,223.03
2026-01-12,20:00,21:00,173.93
2026-01-12,21:00,22:00,137.46
2026-01-12,22:00,23:00,116.04
2026-01-12,23:00,24:00,103.68
2026-01-13,00:00,01:00,102.98
2026-01-13,01:00,02:00,99.19
2026-01-13,02:00,03:00,97.23
2026-01-13,03:00,04:00,97.24
2026-01-13,04:00,05:00,100.43
2026-01-13,05:00,06:00,108.59
2026-01-13,06:00,07:00,140.87
2026-01-13,07:00,08:00,209.83
2026-01-13,08:00,09:00,249.86
2026-01-13,09:00,10:00,253.64
2026-01-13,10:00,11:00,241.13
2026-01-13,11:00,12:00,245.92
2026-01-13,12:00,13:00,256.09
2026-01-13,13:00,14:00,244.51
2026-01-13,14:00,15:00,260.0
2026-01-13,15:00,16:00,242.57
2026-01-13,16:00,17:00,242.7
2026-01-13,17:00,18:00,231.23
2026-01-13,18:00,19:00,210.34
2026-01-13,19:00,20:00,181.58
2026-01-13,20:00,21:00,158.83
2026-01-13,21:00,22:00,120.4
2026-01-13,22:00,23:00,104.26
2026-01-13,23:00,24:00,97.94
2026-01-14,00:00,01:00,107.46
2026-01-14,01:00,02:00,103.18
2026-01-14,02:00,03:00,98.09
2026-01-14,03:00,04:00,97.39
2026-01-14,04:00,05:00,97.52
2026-01-14,05:00,06:00,111.62
2026-01-14,06:00,07:00,128.03
2026-01-14,07:00,08:00,170.51
2026-01-14,08:00,09:00,156.04
2026-01-14,09:00,10:00,150.23
2026-01-14,10:00,11:00,124.33
2026-01-14,11:00,12:00,123.46
2026-01-14,12:00,13:00,126.41
2026-01-14,13:00,14:00,122.91
2026-01-14,14:00,15:00,133.72
2026-01-14,15:00,16:00,159.28
2026-01-14,16:00,17:00,152.29
2026-01-14,17:00,18:00,186.41
2026-01-14,18:00,19:00,163.1
2026-01-14,19:00,20:00,146.92
2026-01-14,20:00,21:00,139.26
2026-01-14,21:00,22:00,127.2
2026-01-14,22:00,23:00,120.78
2026-01-14,23:00,24:00,108.14
2026-01-15,00:00,01:00,105.91
2026-01-15,01:00,02:00,103.19
2026-01-15,02:00,03:00,102.98
2026-01-15,03:00,04:00,100.78
2026-01-15,04:00,05:00,101.36
2026-01-15,05:00,06:00,107.99
2026-01-15,06:00,07:00,137.9
2026-01-15,07:00,08:00,174.9
2026-01-15,08:00,09:00,185.9
2026-01-15,09:00,10:00,175.0
2026-01-15,10:00,11:00,160.0
2026-01-15,11:00,12:00,157.24
2026-01-15,12:00,13:00,148.37
2026-01-15,13:00,14:00,151.98
2026-01-15,14:00,15:00,149.86
2026-01-15,15:00,16:00,165.0
2026-01-15,16:00,17:00,168.82
2026-01-15,17:00,18:00,172.84
2026-01-15,18:00,19:00,165.0
2026-01-15,19:00,20:00,150.36
2026-01-15,20:00,21:00,135.29
2026-01-15,21:00,22:00,114.61
2026-01-15,22:00,23:00,107.22
2026-01-15,23:00,24:00,101.36
2026-01-16,00:00,01:00,98.3
2026-01-16,01:00,02:00,99.97
2026-01-16,02:00,03:00,113.71
2026-01-16,03:00,04:00,113.29
2026-01-16,04:00,05:00,102.29
2026-01-16,05:00,06:00,104.19
2026-01-16,06:00,07:00,141.45
2026-01-16,07:00,08:00,170.0
2026-01-16,08:00,09:00,177.87
2026-01-16,09:00,10:00,204.99
2026-01-16,10:00,11:00,194.0
2026-01-16,11:00,12:00,169.99
2026-01-16,12:00,13:00,169.99
2026-01-16,13:00,14:00,161.36
2026-01-16,14:00,15:00,154.73
2026-01-16,15:00,16:00,155.29
2026-01-16,16:00,17:00,170.34
2026-01-16,17:00,18:00,175.05
2026-01-16,18:00,19:00,167.85
2026-01-16,19:00,20:00,160.71
2026-01-16,20:00,21:00,139.49
2026-01-16,21:00,22:00,123.29
2026-01-16,22:00,23:00,121.53
2026-01-16,23:00,24:00,108.86
2026-01-17,00:00,01:00,108.7
2026-01-17,01:00,02:00,102.27
2026-01-17,02:00,03:00,100.38
2026-01-17,03:00,04:00,97.21
2026-01-17,04:00,05:00,98.8
2026-01-17,05:00,06:00,100.56
2026-01-17,06:00,07:00,104.0
2026-01-17,07:00,08:00,108.37
2026-01-17,08:00,09:00,113.48
2026-01-17,09:00,10:00,120.2
2026-01-17,10:00,11:00,118.19
2026-01-17,11:00,12:00,115.9
2026-01-17,12:00,13:00,114.67
2026-01-17,13:00,14:00,111.77
2026-01-17,14:00,15:00,115.22
2026-01-17,15:00,16:00,122.91
2026-01-17,16:00,17:00,136.49
2026-01-17,17:00,18:00,141.09
2026-01-17,18:00,19:00,142.85
2026-01-17,19:00,20:00,138.59
2026-01-17,20:00,21:00,123.19
2026-01-17,21:00,22:00,112.16
2026-01-17,22:00,23:00,112.81
2026-01-17,23:00,24:00,107.02
2026-01-18,00:00,01:00,110.72
2026-01-18,01:00,02:00,109.19
2026-01-18,02:00,03:00,107.39
2026-01-18,03:00,04:00,102.54
2026-01-18,04:00,05:00,102.24
2026-01-18,05:00,06:00,102.08
2026-01-18,06:00,07:00,101.14
2026-01-18,07:00,08:00,106.95
2026-01-18,08:00,09:00,111.22
2026-01-18,09:00,10:00,107.78
2026-01-18,10:00,11:00,101.91
2026-01-18,11:00,12:00,98.87
2026-01-18,12:00,13:00,96.86
2026-01-18,13:00,14:00,96.96
2026-01-18,14:00,15:00,102.27
2026-01-18,15:00,16:00,110.06
2026-01-18,16:00,17:00,113.94
2026-01-18,17:00,18:00,125.0
2026-01-18,18:00,19:00,140.0
2026-01-18,19:00,20:00,135.97
2026-01-18,20:00,21:00,121.73
2026-01-18,21:00,22:00,115.68
2026-01-18,22:00,23:00,115.77
2026-01-18,23:00,24:00,103.74
2026-01-19,00:00,01:00,101.15
2026-01-19,01:00,02:00,100.44
2026-01-19,02:00,03:00,100.83
2026-01-19,03:00,04:00,100.44
2026-01-19,04:00,05:00,100.14
2026-01-19,05:00,06:00,108.64
2026-01-19,06:00,07:00,133.1
2026-01-19,07:00,08:00,161.03
2026-01-19,08:00,09:00,175.95
2026-01-19,09:00,10:00,161.94
2026-01-19,10:00,11:00,137.55
2026-01-19,11:00,12:00,121.51
2026-01-19,12:00,13:00,117.87
2026-01-19,13:00,14:00,125.0
2026-01-19,14:00,15:00,144.61
2026-01-19,15:00,16:00,171.22
2026-01-19,16:00,17:00,180.22
2026-01-19,17:00,18:00,197.45
2026-01-19,18:00,19:00,188.81
2026-01-19,19:00,20:00,167.49
2026-01-19,20:00,21:00,145.56
2026-01-19,21:00,22:00,131.9
2026-01-19,22:00,23:00,127.25
2026-01-19,23:00,24:00,115.43
2026-01-20,00:00,01:00,116.53
2026-01-20,01:00,02:00,114.92
2026-01-20,02:00,03:00,112.4
2026-01-20,03:00,04:00,110.87
2026-01-20,04:00,05:00,114.84
2026-01-20,05:00,06:00,125.53
2026-01-20,06:00,07:00,180.0
2026-01-20,07:00,08:00,233.02
2026-01-20,08:00,09:00,257.14
2026-01-20,09:00,10:00,178.04
2026-01-20,10:00,11:00,130.65
2026-01-20,11:00,12:00,106.88
2026-01-20,12:00,13:00,101.97
2026-01-20,13:00,14:00,104.69
2026-01-20,14:00,15:00,137.3
2026-01-20,15:00,16:00,172.11
2026-01-20,16:00,17:00,260.1
2026-01-20,17:00,18:00,231.13
2026-01-20,18:00,19:00,171.11
2026-01-20,19:00,20:00,163.65
2026-01-20,20:00,21:00,137.83
2026-01-20,21:00,22:00,135.67
2026-01-20,22:00,23:00,125.89
2026-01-20,23:00,24:00,114.1
2026-01-21,00:00,01:00,101.29
2026-01-21,01:00,02:00,105.95
2026-01-21,02:00,03:00,106.21
2026-01-21,03:00,04:00,109.67
2026-01-21,04:00,05:00,108.55
2026-01-21,05:00,06:00,108.83
2026-01-21,06:00,07:00,129.74
2026-01-21,07:00,08:00,191.53
2026-01-21,08:00,09:00,185.85
2026-01-21,09:00,10:00,146.67
2026-01-21,10:00,11:00,116.34
2026-01-21,11:00,12:00,98.8
2026-01-21,12:00,13:00,99.13
2026-01-21,13:00,14:00,110.0
2026-01-21,14:00,15:00,122.81
2026-01-21,15:00,16:00,171.39
2026-01-21,16:00,17:00,196.77
2026-01-21,17:00,18:00,215.49
2026-01-21,18:00,19:00,180.96
2026-01-21,19:00,20:00,175.7
2026-01-21,20:00,21:00,162.31
2026-01-21,21:00,22:00,136.46
2026-01-21,22:00,23:00,120.92
2026-01-21,23:00,24:00,111.1
2026-01-22,00:00,01:00,110.02
2026-01-22,01:00,02:00,112.93
2026-01-22,02:00,03:00,111.55
2026-01-22,03:00,04:00,108.78
2026-01-22,04:00,05:00,113.31
2026-01-22,05:00,06:00,115.82
2026-01-22,06:00,07:00,136.51
2026-01-22,07:00,08:00,190.08
2026-01-22,08:00,09:00,202.24
2026-01-22,09:00,10:00,196.99
2026-01-22,10:00,11:00,134.53
2026-01-22,11:00,12:00,100.7
2026-01-22,12:00,13:00,108.0
2026-01-22,13:00,14:00,103.88
2026-01-22,14:00,15:00,135.69
2026-01-22,15:00,16:00,157.46
2026-01-22,16:00,17:00,165.0
2026-01-22,17:00,18:00,188.55
2026-01-22,18:00,19:00,176.65
2026-01-22,19:00,20:00,160.0
2026-01-22,20:00,21:00,147.49
2026-01-22,21:00,22:00,120.6
2026-01-22,22:00,23:00,125.04
2026-01-22,23:00,24:00,113.68
2026-01-23,00:00,01:00,108.62
2026-01-23,01:00,02:00,108.81
2026-01-23,02:00,03:00,112.2
2026-01-23,03:00,04:00,104.56
2026-01-23,04:00,05:00,111.79
2026-01-23,05:00,06:00,109.27
2026-01-23,06:00,07:00,131.51
2026-01-23,07:00,08:00,179.78
2026-01-23,08:00,09:00,200.0
2026-01-23,09:00,10:00,201.73
2026-01-23,10:00,11:00,200.0
2026-01-23,11:00,12:00,187.63
2026-01-23,12:00,13:00,180.5
2026-01-23,13:00,14:00,181.25
2026-01-23,14:00,15:00,150.01
2026-01-23,15:00,16:00,141.3
2026-01-23,16:00,17:00,153.22
2026-01-23,17:00,18:00,164.18
2026-01-23,18:00,19:00,156.29
2026-01-23,19:00,20:00,139.87
2026-01-23,20:00,21:00,123.97
2026-01-23,21:00,22:00,117.82
2026-01-23,22:00,23:00,120.0
2026-01-23,23:00,24:00,112.47
2026-01-24,00:00,01:00,107.42
2026-01-24,01:00,02:00,106.31
2026-01-24,02:00,03:00,104.97
2026-01-24,03:00,04:00,104.02
2026-01-24,04:00,05:00,104.35
2026-01-24,05:00,06:00,105.62
2026-01-24,06:00,07:00,106.93
2026-01-24,07:00,08:00,111.22
2026-01-24,08:00,09:00,117.02
2026-01-24,09:00,10:00,131.7
2026-01-24,10:00,11:00,134.33
2026-01-24,11:00,12:00,128.17
2026-01-24,12:00,13:00,124.38
2026-01-24,13:00,14:00,121.86
2026-01-24,14:00,15:00,121.59
2026-01-24,15:00,16:00,129.76
2026-01-24,16:00,17:00,138.11
2026-01-24,17:00,18:00,148.93
2026-01-24,18:00,19:00,143.71
2026-01-24,19:00,20:00,133.66
2026-01-24,20:00,21:00,121.66
2026-01-24,21:00,22:00,114.58
2026-01-24,22:00,23:00,115.64
2026-01-24,23:00,24:00,108.39
2026-01-25,00:00,01:00,102.04
2026-01-25,01:00,02:00,102.03
2026-01-25,02:00,03:00,102.22
2026-01-25,03:00,04:00,103.56
2026-01-25,04:00,05:00,102.38
2026-01-25,05:00,06:00,102.67
2026-01-25,06:00,07:00,102.21
2026-01-25,07:00,08:00,104.92
2026-01-25,08:00,09:00,110.49
2026-01-25,09:00,10:00,117.84
2026-01-25,10:00,11:00,128.22
2026-01-25,11:00,12:00,122.25
2026-01-25,12:00,13:00,128.85
2026-01-25,13:00,14:00,124.93
2026-01-25,14:00,15:00,120.0
2026-01-25,15:00,16:00,116.0
2026-01-25,16:00,17:00,120.76
2026-01-25,17:00,18:00,134.19
2026-01-25,18:00,19:00,137.88
2026-01-25,19:00,20:00,132.58
2026-01-25,20:00,21:00,124.45
2026-01-25,21:00,22:00,114.02
2026-01-25,22:00,23:00,111.94
2026-01-25,23:00,24:00,104.49
2026-01-26,00:00,01:00,103.93
2026-01-26,01:00,02:00,101.51
2026-01-26,02:00,03:00,99.01
2026-01-26,03:00,04:00,96.59
2026-01-26,04:00,05:00,95.87
2026-01-26,05:00,06:00,106.05
2026-01-26,06:00,07:00,122.75
2026-01-26,07:00,08:00,162.08
2026-01-26,08:00,09:00,183.71
2026-01-26,09:00,10:00,187.9
2026-01-26,10:00,11:00,184.27
2026-01-26,11:00,12:00,181.06
2026-01-26,12:00,13:00,168.28
2026-01-26,13:00,14:00,170.96
2026-01-26,14:00,15:00,171.88
2026-01-26,15:00,16:00,187.14
2026-01-26,16:00,17:00,199.8
2026-01-26,17:00,18:00,221.79
2026-01-26,18:00,19:00,206.05
2026-01-26,19:00,20:00,194.48
2026-01-26,20:00,21:00,175.48
2026-01-26,21:00,22:00,144.24
2026-01-26,22:00,23:00,127.76
2026-01-26,23:00,24:00,114.43
2026-01-27,00:00,01:00,120.79
2026-01-27,01:00,02:00,116.01
2026-01-27,02:00,03:00,116.09
2026-01-27,03:00,04:00,118.08
2026-01-27,04:00,05:00,118.88
2026-01-27,05:00,06:00,122.82
2026-01-27,06:00,07:00,147.39
2026-01-27,07:00,08:00,233.24
2026-01-27,08:00,09:00,232.94
2026-01-27,09:00,10:00,204.03
2026-01-27,10:00,11:00,168.2
2026-01-27,11:00,12:00,152.12
2026-01-27,12:00,13:00,143.43
2026-01-27,13:00,14:00,146.33
2026-01-27,14:00,15:00,168.9
2026-01-27,15:00,16:00,200.0
2026-01-27,16:00,17:00,214.1
2026-01-27,17:00,18:00,221.09
2026-01-27,18:00,19:00,213.8
2026-01-27,19:00,20:00,213.06
2026-01-27,20:00,21:00,184.09
2026-01-27,21:00,22:00,137.22
2026-01-27,22:00,23:00,128.88
2026-01-27,23:00,24:00,119.23
2026-01-28,00:00,01:00,114.27
2026-01-28,01:00,02:00,110.53
2026-01-28,02:00,03:00,108.25
2026-01-28,03:00,04:00,108.27
2026-01-28,04:00,05:00,113.09
2026-01-28,05:00,06:00,118.36
2026-01-28,06:00,07:00,151.33
2026-01-28,07:00,08:00,186.87
2026-01-28,08:00,09:00,207.77
2026-01-28,09:00,10:00,204.59
2026-01-28,10:00,11:00,189.31
2026-01-28,11:00,12:00,182.08
2026-01-28,12:00,13:00,173.87
2026-01-28,13:00,14:00,172.13
2026-01-28,14:00,15:00,171.62
2026-01-28,15:00,16:00,178.49
2026-01-28,16:00,17:00,185.0
2026-01-28,17:00,18:00,185.0
2026-01-28,18:00,19:00,170.43
2026-01-28,19:00,20:00,161.23
2026-01-28,20:00,21:00,140.92
2026-01-28,21:00,22:00,125.42
2026-01-28,22:00,23:00,120.88
2026-01-28,23:00,24:00,112.52
2026-01-29,00:00,01:00,104.93
2026-01-29,01:00,02:00,104.04
2026-01-29,02:00,03:00,101.98
2026-01-29,03:00,04:00,100.41
2026-01-29,04:00,05:00,101.54
2026-01-29,05:00,06:00,108.84
2026-01-29,06:00,07:00,126.49
2026-01-29,07:00,08:00,159.63
2026-01-29,08:00,09:00,172.32
2026-01-29,09:00,10:00,177.41
2026-01-29,10:00,11:00,173.03
2026-01-29,11:00,12:00,167.85
2026-01-29,12:00,13:00,160.6
2026-01-29,13:00,14:00,160.73
2026-01-29,14:00,15:00,160.95
2026-01-29,15:00,16:00,158.56
2026-01-29,16:00,17:00,161.88
2026-01-29,17:00,18:00,164.45
2026-01-29,18:00,19:00,160.26
2026-01-29,19:00,20:00,154.12
2026-01-29,20:00,21:00,135.24
2026-01-29,21:00,22:00,122.48
2026-01-29,22:00,23:00,117.0
2026-01-29,23:00,24:00,103.25
2026-01-30,00:00,01:00,111.07
2026-01-30,01:00,02:00,103.31
2026-01-30,02:00,03:00,101.06
2026-01-30,03:00,04:00,97.83
2026-01-30,04:00,05:00,98.03
2026-01-30,05:00,06:00,103.54
2026-01-30,06:00,07:00,121.04
2026-01-30,07:00,08:00,143.99
2026-01-30,08:00,09:00,154.91
2026-01-30,09:00,10:00,160.58
2026-01-30,10:00,11:00,153.22
2026-01-30,11:00,12:00,148.23
2026-01-30,12:00,13:00,140.08
2026-01-30,13:00,14:00,135.67
2026-01-30,14:00,15:00,140.0
2026-01-30,15:00,16:00,136.14
2026-01-30,16:00,17:00,131.96
2026-01-30,17:00,18:00,135.95
2026-01-30,18:00,19:00,131.19
2026-01-30,19:00,20:00,127.03
2026-01-30,20:00,21:00,118.59
2026-01-30,21:00,22:00,112.67
2026-01-30,22:00,23:00,109.13
2026-01-30,23:00,24:00,103.23
2026-01-31,00:00,01:00,100.22
2026-01-31,01:00,02:00,97.97
2026-01-31,02:00,03:00,96.1
2026-01-31,03:00,04:00,96.9
2026-01-31,04:00,05:00,98.47
2026-01-31,05:00,06:00,100.71
2026-01-31,06:00,07:00,103.93
2026-01-31,07:00,08:00,105.32
2026-01-31,08:00,09:00,112.85
2026-01-31,09:00,10:00,116.32
2026-01-31,10:00,11:00,120.58
2026-01-31,11:00,12:00,117.02
2026-01-31,12:00,13:00,115.09
2026-01-31,13:00,14:00,111.11
2026-01-31,14:00,15:00,112.58
2026-01-31,15:00,16:00,114.94
2026-01-31,16:00,17:00,123.93
2026-01-31,17:00,18:00,137.85
2026-01-31,18:00,19:00,138.97
2026-01-31,19:00,20:00,135.94
2026-01-31,20:00,21:00,126.07
2026-01-31,21:00,22:00,114.61
2026-01-31,22:00,23:00,115.82
2026-01-31,23:00,24:00,106.64
2026-02-01,00:00,01:00,100.2
2026-02-01,01:00,02:00,98.73
2026-02-01,02:00,03:00,99.22
2026-02-01,03:00,04:00,96.26
2026-02-01,04:00,05:00,98.31
2026-02-01,05:00,06:00,98.22
2026-02-01,06:00,07:00,97.05
2026-02-01,07:00,08:00,103.33
2026-02-01,08:00,09:00,107.79
2026-02-01,09:00,10:00,110.35
2026-02-01,10:00,11:00,110.99
2026-02-01,11:00,12:00,109.62
2026-02-01,12:00,13:00,108.55
2026-02-01,13:00,14:00,100.59
2026-02-01,14:00,15:00,102.58
2026-02-01,15:00,16:00,109.44
2026-02-01,16:00,17:00,115.35
2026-02-01,17:00,18:00,130.49
2026-02-01,18:00,19:00,137.69
2026-02-01,19:00,20:00,138.11
2026-02-01,20:00,21:00,126.86
2026-02-01,21:00,22:00,113.95
2026-02-01,22:00,23:00,115.46
2026-02-01,23:00,24:00,108.72
2026-02-02,00:00,01:00,100.38
2026-02-02,01:00,02:00,98.26
2026-02-02,02:00,03:00,97.11
2026-02-02,03:00,04:00,98.48
2026-02-02,04:00,05:00,99.71
2026-02-02,05:00,06:00,106.67
2026-02-02,06:00,07:00,131.45
2026-02-02,07:00,08:00,159.43
2026-02-02,08:00,09:00,163.63
2026-02-02,09:00,10:00,158.39
2026-02-02,10:00,11:00,150.0
2026-02-02,11:00,12:00,143.41
2026-02-02,12:00,13:00,140.0
2026-02-02,13:00,14:00,150.23
2026-02-02,14:00,15:00,151.45
2026-02-02,15:00,16:00,142.98
2026-02-02,16:00,17:00,161.22
2026-02-02,17:00,18:00,161.74
2026-02-02,18:00,19:00,140.59
2026-02-02,19:00,20:00,137.4
2026-02-02,20:00,21:00,127.89
2026-02-02,21:00,22:00,106.72
2026-02-02,22:00,23:00,105.81
2026-02-02,23:00,24:00,99.74
2026-02-03,00:00,01:00,98.79
2026-02-03,01:00,02:00,97.39
2026-02-03,02:00,03:00,95.49
2026-02-03,03:00,04:00,93.15
2026-02-03,04:00,05:00,93.15
2026-02-03,05:00,06:00,99.5
2026-02-03,06:00,07:00,112.39
2026-02-03,07:00,08:00,154.15
2026-02-03,08:00,09:00,156.57
2026-02-03,09:00,10:00,162.38
2026-02-03,10:00,11:00,155.0
2026-02-03,11:00,12:00,145.0
2026-02-03,12:00,13:00,144.62
2026-02-03,13:00,14:00,146.89
2026-02-03,14:00,15:00,158.07
2026-02-03,15:00,16:00,155.0
2026-02-03,16:00,17:00,145.0
2026-02-03,17:00,18:00,133.32
2026-02-03,18:00,19:00,130.15
2026-02-03,19:00,20:00,129.96
2026-02-03,20:00,21:00,123.11
2026-02-03,21:00,22:00,111.62
2026-02-03,22:00,23:00,107.94
2026-02-03,23:00,24:00,101.96
2026-02-04,00:00,01:00,100.78
2026-02-04,01:00,02:00,100.27
2026-02-04,02:00,03:00,99.64
2026-02-04,03:00,04:00,98.57
2026-02-04,04:00,05:00,100.14
2026-02-04,05:00,06:00,103.47
2026-02-04,06:00,07:00,121.49
2026-02-04,07:00,08:00,155.41
2026-02-04,08:00,09:00,158.67
2026-02-04,09:00,10:00,175.0
2026-02-04,10:00,11:00,177.63
2026-02-04,11:00,12:00,139.99
2026-02-04,12:00,13:00,126.98
2026-02-04,13:00,14:00,134.22
2026-02-04,14:00,15:00,150.0
2026-02-04,15:00,16:00,142.45
2026-02-04,16:00,17:00,144.0
2026-02-04,17:00,18:00,144.03
2026-02-04,18:00,19:00,138.51
2026-02-04,19:00,20:00,131.62
2026-02-04,20:00,21:00,120.15
2026-02-04,21:00,22:00,104.1
2026-02-04,22:00,23:00,99.89
2026-02-04,23:00,24:00,88.33
2026-02-05,00:00,01:00,92.67
2026-02-05,01:00,02:00,90.37
2026-02-05,02:00,03:00,89.9
2026-02-05,03:00,04:00,92.55
2026-02-05,04:00,05:00,94.82
2026-02-05,05:00,06:00,97.42
2026-02-05,06:00,07:00,116.81
2026-02-05,07:00,08:00,130.79
2026-02-05,08:00,09:00,137.79
2026-02-05,09:00,10:00,134.38
2026-02-05,10:00,11:00,131.57
2026-02-05,11:00,12:00,131.01
2026-02-05,12:00,13:00,123.14
2026-02-05,13:00,14:00,124.3
2026-02-05,14:00,15:00,126.99
2026-02-05,15:00,16:00,134.65
2026-02-05,16:00,17:00,139.02
2026-02-05,17:00,18:00,146.47
2026-02-05,18:00,19:00,142.48
2026-02-05,19:00,20:00,140.67
2026-02-05,20:00,21:00,132.02
2026-02-05,21:00,22:00,119.27
2026-02-05,22:00,23:00,113.35
2026-02-05,23:00,24:00,104.34
2026-02-06,00:00,01:00,100.69
2026-02-06,01:00,02:00,101.09
2026-02-06,02:00,03:00,101.24
2026-02-06,03:00,04:00,102.63
2026-02-06,04:00,05:00,103.89
2026-02-06,05:00,06:00,106.01
2026-02-06,06:00,07:00,123.06
2026-02-06,07:00,08:00,144.0
2026-02-06,08:00,09:00,148.22
2026-02-06,09:00,10:00,147.3
2026-02-06,10:00,11:00,146.22
2026-02-06,11:00,12:00,144.27
2026-02-06,12:00,13:00,142.06
2026-02-06,13:00,14:00,143.12
2026-02-06,14:00,15:00,143.58
2026-02-06,15:00,16:00,148.91
2026-02-06,16:00,17:00,155.0
2026-02-06,17:00,18:00,162.72
2026-02-06,18:00,19:00,153.36
2026-02-06,19:00,20:00,151.54
2026-02-06,20:00,21:00,138.9
2026-02-06,21:00,22:00,120.67
2026-02-06,22:00,23:00,113.72
2026-02-06,23:00,24:00,106.72
2026-02-07,00:00,01:00,104.45
2026-02-07,01:00,02:00,101.49
2026-02-07,02:00,03:00,100.21
2026-02-07,03:00,04:00,99.82
2026-02-07,04:00,05:00,99.87
2026-02-07,05:00,06:00,99.75
2026-02-07,06:00,07:00,101.08
2026-02-07,07:00,08:00,108.13
2026-02-07,08:00,09:00,116.26
2026-02-07,09:00,10:00,120.56
2026-02-07,10:00,11:00,113.82
2026-02-07,11:00,12:00,109.07
2026-02-07,12:00,13:00,105.29
2026-02-07,13:00,14:00,104.65
2026-02-07,14:00,15:00,107.64
2026-02-07,15:00,16:00,112.57
2026-02-07,16:00,17:00,125.14
2026-02-07,17:00,18:00,137.36
2026-02-07,18:00,19:00,137.19
2026-02-07,19:00,20:00,128.96
2026-02-07,20:00,21:00,119.46
2026-02-07,21:00,22:00,109.31
2026-02-07,22:00,23:00,106.47
2026-02-07,23:00,24:00,99.3
2026-02-08,00:00,01:00,102.82
2026-02-08,01:00,02:00,99.83
2026-02-08,02:00,03:00,99.08
2026-02-08,03:00,04:00,98.4
2026-02-08,04:00,05:00,96.92
2026-02-08,05:00,06:00,97.8
2026-02-08,06:00,07:00,97.21
2026-02-08,07:00,08:00,97.9
2026-02-08,08:00,09:00,102.29
2026-02-08,09:00,10:00,104.14
2026-02-08,10:00,11:00,106.71
2026-02-08,11:00,12:00,104.1
2026-02-08,12:00,13:00,100.62
2026-02-08,13:00,14:00,99.55
2026-02-08,14:00,15:00,100.64
2026-02-08,15:00,16:00,105.98
2026-02-08,16:00,17:00,115.15
2026-02-08,17:00,18:00,130.12
2026-02-08,18:00,19:00,131.83
2026-02-08,19:00,20:00,127.06
2026-02-08,20:00,21:00,118.76
2026-02-08,21:00,22:00,109.79
2026-02-08,22:00,23:00,107.09
2026-02-08,23:00,24:00,100.87
2026-02-09,00:00,01:00,98.88
2026-02-09,01:00,02:00,97.65
2026-02-09,02:00,03:00,98.05
2026-02-09,03:00,04:00,98.22
2026-02-09,04:00,05:00,99.53
2026-02-09,05:00,06:00,107.0
2026-02-09,06:00,07:00,135.22
2026-02-09,07:00,08:00,161.44
2026-02-09,08:00,09:00,179.88
2026-02-09,09:00,10:00,171.61
2026-02-09,10:00,11:00,160.68
2026-02-09,11:00,12:00,147.41
2026-02-09,12:00,13:00,139.71
2026-02-09,13:00,14:00,138.88
2026-02-09,14:00,15:00,141.59
2026-02-09,15:00,16:00,153.55
2026-02-09,16:00,17:00,174.64
2026-02-09,17:00,18:00,219.5
2026-02-09,18:00,19:00,185.83
2026-02-09,19:00,20:00,168.62
2026-02-09,20:00,21:00,147.13
2026-02-09,21:00,22:00,138.5
2026-02-09,22:00,23:00,126.17
2026-02-09,23:00,24:00,112.19
2026-02-10,00:00,01:00,108.56
2026-02-10,01:00,02:00,107.82
2026-02-10,02:00,03:00,106.98
2026-02-10,03:00,04:00,107.87
2026-02-10,04:00,05:00,108.24
2026-02-10,05:00,06:00,111.19
2026-02-10,06:00,07:00,131.38
2026-02-10,07:00,08:00,155.61
2026-02-10,08:00,09:00,158.57
2026-02-10,09:00,10:00,145.47
2026-02-10,10:00,11:00,135.57
2026-02-10,11:00,12:00,126.35
2026-02-10,12:00,13:00,119.49
2026-02-10,13:00,14:00,121.31
2026-02-10,14:00,15:00,131.36
2026-02-10,15:00,16:00,141.6
2026-02-10,16:00,17:00,151.69
2026-02-10,17:00,18:00,157.74
2026-02-10,18:00,19:00,149.7
2026-02-10,19:00,20:00,141.4
2026-02-10,20:00,21:00,129.24
2026-02-10,21:00,22:00,117.8
2026-02-10,22:00,23:00,113.55
2026-02-10,23:00,24:00,105.78
2026-02-11,00:00,01:00,101.24
2026-02-11,01:00,02:00,100.87
2026-02-11,02:00,03:00,100.22
2026-02-11,03:00,04:00,99.72
2026-02-11,04:00,05:00,99.89
2026-02-11,05:00,06:00,104.5
2026-02-11,06:00,07:00,115.84
2026-02-11,07:00,08:00,134.8
2026-02-11,08:00,09:00,143.25
2026-02-11,09:00,10:00,136.83
2026-02-11,10:00,11:00,133.77
2026-02-11,11:00,12:00,133.86
2026-02-11,12:00,13:00,122.87
2026-02-11,13:00,14:00,124.17
2026-02-11,14:00,15:00,124.14
2026-02-11,15:00,16:00,128.03
2026-02-11,16:00,17:00,134.4
2026-02-11,17:00,18:00,139.64
2026-02-11,18:00,19:00,133.36
2026-02-11,19:00,20:00,127.35
2026-02-11,20:00,21:00,118.79
2026-02-11,21:00,22:00,111.59
2026-02-11,22:00,23:00,108.0
2026-02-11,23:00,24:00,101.25
2026-02-12,00:00,01:00,93.69
2026-02-12,01:00,02:00,93.66
2026-02-12,02:00,03:00,92.48
2026-02-12,03:00,04:00,91.7
2026-02-12,04:00,05:00,92.93
2026-02-12,05:00,06:00,97.32
2026-02-12,06:00,07:00,114.01
2026-02-12,07:00,08:00,128.54
2026-02-12,08:00,09:00,130.37
2026-02-12,09:00,10:00,126.38
2026-02-12,10:00,11:00,121.71
2026-02-12,11:00,12:00,116.11
2026-02-12,12:00,13:00,110.98
2026-02-12,13:00,14:00,111.05
2026-02-12,14:00,15:00,114.93
2026-02-12,15:00,16:00,123.81
2026-02-12,16:00,17:00,131.59
2026-02-12,17:00,18:00,142.33
2026-02-12,18:00,19:00,136.26
2026-02-12,19:00,20:00,132.07
2026-02-12,20:00,21:00,124.64
2026-02-12,21:00,22:00,109.63
2026-02-12,22:00,23:00,104.83
2026-02-12,23:00,24:00,95.47
2026-02-13,00:00,01:00,88.89
2026-02-13,01:00,02:00,88.95
2026-02-13,02:00,03:00,87.77
2026-02-13,03:00,04:00,87.37
2026-02-13,04:00,05:00,88.95
2026-02-13,05:00,06:00,92.29
2026-02-13,06:00,07:00,102.49
2026-02-13,07:00,08:00,120.47
2026-02-13,08:00,09:00,125.46
2026-02-13,09:00,10:00,120.33
2026-02-13,10:00,11:00,107.62
2026-02-13,11:00,12:00,102.49
2026-02-13,12:00,13:00,98.5
2026-02-13,13:00,14:00,99.33
2026-02-13,14:00,15:00,103.84
2026-02-13,15:00,16:00,122.53
2026-02-13,16:00,17:00,130.11
2026-02-13,17:00,18:00,135.44
2026-02-13,18:00,19:00,135.35
2026-02-13,19:00,20:00,131.57
2026-02-13,20:00,21:00,128.44
2026-02-13,21:00,22:00,123.37
2026-02-13,22:00,23:00,114.54
2026-02-13,23:00,24:00,104.6
2026-02-14,00:00,01:00,100.57
2026-02-14,01:00,02:00,95.98
2026-02-14,02:00,03:00,93.71
2026-02-14,03:00,04:00,93.59
2026-02-14,04:00,05:00,92.53
2026-02-14,05:00,06:00,93.92
2026-02-14,06:00,07:00,95.28
2026-02-14,07:00,08:00,98.09
2026-02-14,08:00,09:00,108.22
2026-02-14,09:00,10:00,114.01
2026-02-14,10:00,11:00,110.84
2026-02-14,11:00,12:00,104.48
2026-02-14,12:00,13:00,100.97
2026-02-14,13:00,14:00,100.06
2026-02-14,14:00,15:00,102.64
2026-02-14,15:00,16:00,110.8
2026-02-14,16:00,17:00,125.44
2026-02-14,17:00,18:00,135.99
2026-02-14,18:00,19:00,135.0
2026-02-14,19:00,20:00,130.0
2026-02-14,20:00,21:00,124.69
2026-02-14,21:00,22:00,120.21
2026-02-14,22:00,23:00,113.49
2026-02-14,23:00,24:00,102.45
2026-02-15,00:00,01:00,105.11
2026-02-15,01:00,02:00,103.97
2026-02-15,02:00,03:00,106.26
2026-02-15,03:00,04:00,105.55
2026-02-15,04:00,05:00,103.47
2026-02-15,05:00,06:00,100.76
2026-02-15,06:00,07:00,100.81
2026-02-15,07:00,08:00,102.89
2026-02-15,08:00,09:00,103.01
2026-02-15,09:00,10:00,100.13
2026-02-15,10:00,11:00,89.65
2026-02-15,11:00,12:00,80.75
2026-02-15,12:00,13:00,70.75
2026-02-15,13:00,14:00,68.52
2026-02-15,14:00,15:00,69.42
2026-02-15,15:00,16:00,79.03
2026-02-15,16:00,17:00,95.62
2026-02-15,17:00,18:00,117.15
2026-02-15,18:00,19:00,117.67
2026-02-15,19:00,20:00,113.11
2026-02-15,20:00,21:00,109.57
2026-02-15,21:00,22:00,95.43
2026-02-15,22:00,23:00,93.85
2026-02-15,23:00,24:00,79.37
2026-02-16,00:00,01:00,100.8
2026-02-16,01:00,02:00,88.43
2026-02-16,02:00,03:00,91.73
2026-02-16,03:00,04:00,85.0
2026-02-16,04:00,05:00,92.74
2026-02-16,05:00,06:00,118.9
2026-02-16,06:00,07:00,153.2
2026-02-16,07:00,08:00,146.46
2026-02-16,08:00,09:00,145.94
2026-02-16,09:00,10:00,133.56
2026-02-16,10:00,11:00,110.91
2026-02-16,11:00,12:00,103.71
2026-02-16,12:00,13:00,106.55
2026-02-16,13:00,14:00,109.54
2026-02-16,14:00,15:00,119.41
2026-02-16,15:00,16:00,131.63
2026-02-16,16:00,17:00,122.55
2026-02-16,17:00,18:00,137.14
2026-02-16,18:00,19:00,132.89
2026-02-16,19:00,20:00,129.17
2026-02-16,20:00,21:00,122.64
2026-02-16,21:00,22:00,114.12
2026-02-16,22:00,23:00,107.11
2026-02-16,23:00,24:00,97.73
2026-02-17,00:00,01:00,91.17
2026-02-17,01:00,02:00,89.63
2026-02-17,02:00,03:00,89.36
2026-02-17,03:00,04:00,90.24
2026-02-17,04:00,05:00,89.43
2026-02-17,05:00,06:00,93.46
2026-02-17,06:00,07:00,110.5
2026-02-17,07:00,08:00,128.25
2026-02-17,08:00,09:00,129.28
2026-02-17,09:00,10:00,124.81
2026-02-17,10:00,11:00,113.2
2026-02-17,11:00,12:00,104.36
2026-02-17,12:00,13:00,96.72
2026-02-17,13:00,14:00,98.08
2026-02-17,14:00,15:00,103.86
2026-02-17,15:00,16:00,117.7
2026-02-17,16:00,17:00,130.68
2026-02-17,17:00,18:00,151.55
2026-02-17,18:00,19:00,145.84
2026-02-17,19:00,20:00,141.62
2026-02-17,20:00,21:00,130.94
2026-02-17,21:00,22:00,109.25
2026-02-17,22:00,23:00,97.82
2026-02-17,23:00,24:00,92.85
2026-02-18,00:00,01:00,100.32
2026-02-18,01:00,02:00,98.18
2026-02-18,02:00,03:00,97.61
2026-02-18,03:00,04:00,97.57
2026-02-18,04:00,05:00,98.34
2026-02-18,05:00,06:00,105.32
2026-02-18,06:00,07:00,127.06
2026-02-18,07:00,08:00,174.03
2026-02-18,08:00,09:00,182.91
2026-02-18,09:00,10:00,135.0
2026-02-18,10:00,11:00,121.9
2026-02-18,11:00,12:00,111.97
2026-02-18,12:00,13:00,107.44
2026-02-18,13:00,14:00,107.06
2026-02-18,14:00,15:00,110.29
2026-02-18,15:00,16:00,122.33
2026-02-18,16:00,17:00,133.46
2026-02-18,17:00,18:00,154.79
2026-02-18,18:00,19:00,159.74
2026-02-18,19:00,20:00,145.09
2026-02-18,20:00,21:00,128.16
2026-02-18,21:00,22:00,116.33
2026-02-18,22:00,23:00,107.38
2026-02-18,23:00,24:00,98.05
2026-02-19,00:00,01:00,92.23
2026-02-19,01:00,02:00,90.36
2026-02-19,02:00,03:00,88.74
2026-02-19,03:00,04:00,87.7
2026-02-19,04:00,05:00,89.06
2026-02-19,05:00,06:00,91.49
2026-02-19,06:00,07:00,110.7
2026-02-19,07:00,08:00,131.38
2026-02-19,08:00,09:00,127.15
2026-02-19,09:00,10:00,129.78
2026-02-19,10:00,11:00,121.26
2026-02-19,11:00,12:00,125.0
2026-02-19,12:00,13:00,120.37
2026-02-19,13:00,14:00,128.16
2026-02-19,14:00,15:00,123.95
2026-02-19,15:00,16:00,125.03
2026-02-19,16:00,17:00,137.22
2026-02-19,17:00,18:00,153.35
2026-02-19,18:00,19:00,148.46
2026-02-19,19:00,20:00,135.0
2026-02-19,20:00,21:00,119.9
2026-02-19,21:00,22:00,108.2
2026-02-19,22:00,23:00,96.69
2026-02-19,23:00,24:00,90.19
2026-02-20,00:00,01:00,90.7
2026-02-20,01:00,02:00,90.11
2026-02-20,02:00,03:00,89.72
2026-02-20,03:00,04:00,90.45
2026-02-20,04:00,05:00,89.7
2026-02-20,05:00,06:00,96.1
2026-02-20,06:00,07:00,119.6
2026-02-20,07:00,08:00,136.75
2026-02-20,08:00,09:00,126.31
2026-02-20,09:00,10:00,113.43
2026-02-20,10:00,11:00,100.62
2026-02-20,11:00,12:00,93.93
2026-02-20,12:00,13:00,87.93
2026-02-20,13:00,14:00,86.39
2026-02-20,14:00,15:00,86.77
2026-02-20,15:00,16:00,96.85
2026-02-20,16:00,17:00,113.96
2026-02-20,17:00,18:00,134.39
2026-02-20,18:00,19:00,115.96
2026-02-20,19:00,20:00,107.87
2026-02-20,20:00,21:00,99.62
2026-02-20,21:00,22:00,79.26
2026-02-20,22:00,23:00,71.33
2026-02-20,23:00,24:00,58.28
2026-02-21,00:00,01:00,57.73
2026-02-21,01:00,02:00,57.14
2026-02-21,02:00,03:00,60.3
2026-02-21,03:00,04:00,56.53
2026-02-21,04:00,05:00,77.78
2026-02-21,05:00,06:00,86.27
2026-02-21,06:00,07:00,73.89
2026-02-21,07:00,08:00,84.24
2026-02-21,08:00,09:00,94.07
2026-02-21,09:00,10:00,80.64
2026-02-21,10:00,11:00,72.66
2026-02-21,11:00,12:00,83.95
2026-02-21,12:00,13:00,72.66
2026-02-21,13:00,14:00,72.66
2026-02-21,14:00,15:00,80.17
2026-02-21,15:00,16:00,85.88
2026-02-21,16:00,17:00,98.05
2026-02-21,17:00,18:00,106.25
2026-02-21,18:00,19:00,112.04
2026-02-21,19:00,20:00,112.76
2026-02-21,20:00,21:00,106.38
2026-02-21,21:00,22:00,88.82
2026-02-21,22:00,23:00,79.83
2026-02-21,23:00,24:00,69.83
2026-02-22,00:00,01:00,59.75
2026-02-22,01:00,02:00,55.43
2026-02-22,02:00,03:00,51.97
2026-02-22,03:00,04:00,56.43
2026-02-22,04:00,05:00,63.62
2026-02-22,05:00,06:00,60.23
2026-02-22,06:00,07:00,57.91
2026-02-22,07:00,08:00,60.81
2026-02-22,08:00,09:00,50.67
2026-02-22,09:00,10:00,60.84
2026-02-22,10:00,11:00,63.27
2026-02-22,11:00,12:00,63.23
2026-02-22,12:00,13:00,56.06
2026-02-22,13:00,14:00,52.29
2026-02-22,14:00,15:00,62.24
2026-02-22,15:00,16:00,70.25
2026-02-22,16:00,17:00,81.65
2026-02-22,17:00,18:00,92.73
2026-02-22,18:00,19:00,96.36
2026-02-22,19:00,20:00,92.75
2026-02-22,20:00,21:00,86.23
2026-02-22,21:00,22:00,75.02
2026-02-22,22:00,23:00,74.51
2026-02-22,23:00,24:00,54.0
2026-02-23,00:00,01:00,47.3
2026-02-23,01:00,02:00,47.52
2026-02-23,02:00,03:00,45.64
2026-02-23,03:00,04:00,47.1
2026-02-23,04:00,05:00,47.38
2026-02-23,05:00,06:00,61.38
2026-02-23,06:00,07:00,84.22
2026-02-23,07:00,08:00,108.51
2026-02-23,08:00,09:00,110.03
2026-02-23,09:00,10:00,101.26
2026-02-23,10:00,11:00,79.51
2026-02-23,11:00,12:00,72.98
2026-02-23,12:00,13:00,74.5
2026-02-23,13:00,14:00,65.55
2026-02-23,14:00,15:00,66.82
2026-02-23,15:00,16:00,79.54
2026-02-23,16:00,17:00,103.25
2026-02-23,17:00,18:00,115.88
2026-02-23,18:00,19:00,119.22
2026-02-23,19:00,20:00,118.32
2026-02-23,20:00,21:00,112.01
2026-02-23,21:00,22:00,98.0
2026-02-23,22:00,23:00,98.87
2026-02-23,23:00,24:00,90.45
2026-02-24,00:00,01:00,85.94
2026-02-24,01:00,02:00,87.86
2026-02-24,02:00,03:00,88.7
2026-02-24,03:00,04:00,89.69
2026-02-24,04:00,05:00,91.48
2026-02-24,05:00,06:00,97.42
2026-02-24,06:00,07:00,114.26
2026-02-24,07:00,08:00,130.01
2026-02-24,08:00,09:00,140.88
2026-02-24,09:00,10:00,131.28
2026-02-24,10:00,11:00,122.67
2026-02-24,11:00,12:00,109.12
2026-02-24,12:00,13:00,100.13
2026-02-24,13:00,14:00,97.61
2026-02-24,14:00,15:00,98.64
2026-02-24,15:00,16:00,110.68
2026-02-24,16:00,17:00,128.24
2026-02-24,17:00,18:00,172.35
2026-02-24,18:00,19:00,175.62
2026-02-24,19:00,20:00,144.79
2026-02-24,20:00,21:00,121.51
2026-02-24,21:00,22:00,112.92
2026-02-24,22:00,23:00,105.87
2026-02-24,23:00,24:00,97.22
2026-02-25,00:00,01:00,97.0
2026-02-25,01:00,02:00,92.12
2026-02-25,02:00,03:00,89.43
2026-02-25,03:00,04:00,92.79
2026-02-25,04:00,05:00,93.93
2026-02-25,05:00,06:00,97.99
2026-02-25,06:00,07:00,118.52
2026-02-25,07:00,08:00,130.0
2026-02-25,08:00,09:00,122.91
2026-02-25,09:00,10:00,112.44
2026-02-25,10:00,11:00,95.59
2026-02-25,11:00,12:00,84.59
2026-02-25,12:00,13:00,69.94
2026-02-25,13:00,14:00,64.0
2026-02-25,14:00,15:00,71.74
2026-02-25,15:00,16:00,85.22
2026-02-25,16:00,17:00,107.5
2026-02-25,17:00,18:00,137.67
2026-02-25,18:00,19:00,141.35
2026-02-25,19:00,20:00,128.66
2026-02-25,20:00,21:00,119.9
2026-02-25,21:00,22:00,105.84
2026-02-25,22:00,23:00,92.08
2026-02-25,23:00,24:00,82.18
2026-02-26,00:00,01:00,82.34
2026-02-26,01:00,02:00,75.9
2026-02-26,02:00,03:00,72.34
2026-02-26,03:00,04:00,72.05
2026-02-26,04:00,05:00,71.4
2026-02-26,05:00,06:00,80.55
2026-02-26,06:00,07:00,109.35
2026-02-26,07:00,08:00,113.0
2026-02-26,08:00,09:00,101.91
2026-02-26,09:00,10:00,86.78
2026-02-26,10:00,11:00,73.79
2026-02-26,11:00,12:00,58.28
2026-02-26,12:00,13:00,21.52
2026-02-26,13:00,14:00,14.95
2026-02-26,14:00,15:00,47.64
2026-02-26,15:00,16:00,76.09
2026-02-26,16:00,17:00,100.0
2026-02-26,17:00,18:00,116.41
2026-02-26,18:00,19:00,117.2
2026-02-26,19:00,20:00,108.82
2026-02-26,20:00,21:00,99.02
2026-02-26,21:00,22:00,90.12
2026-02-26,22:00,23:00,83.32
2026-02-26,23:00,24:00,75.79
2026-02-27,00:00,01:00,58.3
2026-02-27,01:00,02:00,59.12
2026-02-27,02:00,03:00,60.5
2026-02-27,03:00,04:00,63.05
2026-02-27,04:00,05:00,65.93
2026-02-27,05:00,06:00,95.0
2026-02-27,06:00,07:00,112.05
2026-02-27,07:00,08:00,110.0
2026-02-27,08:00,09:00,85.83
2026-02-27,09:00,10:00,69.02
2026-02-27,10:00,11:00,35.69
2026-02-27,11:00,12:00,4.4
2026-02-27,12:00,13:00,2.02
2026-02-27,13:00,14:00,4.61
2026-02-27,14:00,15:00,12.78
2026-02-27,15:00,16:00,65.4
2026-02-27,16:00,17:00,98.41
2026-02-27,17:00,18:00,120.93
2026-02-27,18:00,19:00,124.02
2026-02-27,19:00,20:00,114.56
2026-02-27,20:00,21:00,106.44
2026-02-27,21:00,22:00,96.52
2026-02-27,22:00,23:00,91.58
2026-02-27,23:00,24:00,83.62
2026-02-28,00:00,01:00,84.75
2026-02-28,01:00,02:00,81.43
2026-02-28,02:00,03:00,78.93
2026-02-28,03:00,04:00,75.99
2026-02-28,04:00,05:00,76.13
2026-02-28,05:00,06:00,76.54
2026-02-28,06:00,07:00,77.53
2026-02-28,07:00,08:00,81.0
2026-02-28,08:00,09:00,61.29
2026-02-28,09:00,10:00,20.03
2026-02-28,10:00,11:00,0.1
2026-02-28,11:00,12:00,-0.03
2026-02-28,12:00,13:00,-0.19
2026-02-28,13:00,14:00,-0.16
2026-02-28,14:00,15:00,-0.01
2026-02-28,15:00,16:00,15.73
2026-02-28,16:00,17:00,72.06
2026-02-28,17:00,18:00,97.7
2026-02-28,18:00,19:00,101.47
2026-02-28,19:00,20:00,94.8
2026-02-28,20:00,21:00,82.95
2026-02-28,21:00,22:00,69.6
2026-02-28,22:00,23:00,68.85
2026-02-28,23:00,24:00,64.9
2026-03-01,00:00,01:00,60.56
2026-03-01,01:00,02:00,61.78
2026-03-01,02:00,03:00,61.61
2026-03-01,03:00,04:00,62.63
2026-03-01,04:00,05:00,65.64
2026-03-01,05:00,06:00,68.56
2026-03-01,06:00,07:00,69.05
2026-03-01,07:00,08:00,68.28
2026-03-01,08:00,09:00,55.53
2026-03-01,09:00,10:00,21.95
2026-03-01,10:00,11:00,0.01
2026-03-01,11:00,12:00,-0.03
2026-03-01,12:00,13:00,-0.37
2026-03-01,13:00,14:00,-0.79
2026-03-01,14:00,15:00,0.0
2026-03-01,15:00,16:00,27.77
2026-03-01,16:00,17:00,81.02
2026-03-01,17:00,18:00,113.0
2026-03-01,18:00,19:00,116.71
2026-03-01,19:00,20:00,110.51
2026-03-01,20:00,21:00,101.86
2026-03-01,21:00,22:00,94.53
2026-03-01,22:00,23:00,90.47
2026-03-01,23:00,24:00,76.19
2026-03-02,00:00,01:00,76.8
2026-03-02,01:00,02:00,73.99
2026-03-02,02:00,03:00,73.14
2026-03-02,03:00,04:00,73.66
2026-03-02,04:00,05:00,79.29
2026-03-02,05:00,06:00,95.68
2026-03-02,06:00,07:00,125.2
2026-03-02,07:00,08:00,148.2
2026-03-02,08:00,09:00,128.74
2026-03-02,09:00,10:00,93.02
2026-03-02,10:00,11:00,73.55
2026-03-02,11:00,12:00,56.32
2026-03-02,12:00,13:00,30.34
2026-03-02,13:00,14:00,42.31
2026-03-02,14:00,15:00,67.07
2026-03-02,15:00,16:00,89.37
2026-03-02,16:00,17:00,123.5
2026-03-02,17:00,18:00,192.49
2026-03-02,18:00,19:00,206.65
2026-03-02,19:00,20:00,172.51
2026-03-02,20:00,21:00,139.12
2026-03-02,21:00,22:00,118.41
2026-03-02,22:00,23:00,104.24
2026-03-02,23:00,24:00,92.58
2026-03-03,00:00,01:00,92.81
2026-03-03,01:00,02:00,93.61
2026-03-03,02:00,03:00,93.83
2026-03-03,03:00,04:00,98.15
2026-03-03,04:00,05:00,100.89
2026-03-03,05:00,06:00,107.77
2026-03-03,06:00,07:00,138.96
2026-03-03,07:00,08:00,156.91
2026-03-03,08:00,09:00,135.85
2026-03-03,09:00,10:00,99.6
2026-03-03,10:00,11:00,80.51
2026-03-03,11:00,12:00,57.64
2026-03-03,12:00,13:00,32.78
2026-03-03,13:00,14:00,37.14
2026-03-03,14:00,15:00,66.62
2026-03-03,15:00,16:00,89.92
2026-03-03,16:00,17:00,117.47
2026-03-03,17:00,18:00,149.69
2026-03-03,18:00,19:00,189.36
2026-03-03,19:00,20:00,166.41
2026-03-03,20:00,21:00,123.2
2026-03-03,21:00,22:00,118.76
2026-03-03,22:00,23:00,114.85
2026-03-03,23:00,24:00,108.66
2026-03-04,00:00,01:00,140.1
2026-03-04,01:00,02:00,141.38
2026-03-04,02:00,03:00,135.38
2026-03-04,03:00,04:00,133.11
2026-03-04,04:00,05:00,135.47
2026-03-04,05:00,06:00,152.22
2026-03-04,06:00,07:00,207.53
2026-03-04,07:00,08:00,261.67
2026-03-04,08:00,09:00,161.89
2026-03-04,09:00,10:00,114.4
2026-03-04,10:00,11:00,86.75
2026-03-04,11:00,12:00,64.48
2026-03-04,12:00,13:00,48.93
2026-03-04,13:00,14:00,42.04
2026-03-04,14:00,15:00,70.05
2026-03-04,15:00,16:00,103.37
2026-03-04,16:00,17:00,140.75
2026-03-04,17:00,18:00,218.71
2026-03-04,18:00,19:00,285.89
2026-03-04,19:00,20:00,232.96
2026-03-04,20:00,21:00,169.43
2026-03-04,21:00,22:00,156.2
2026-03-04,22:00,23:00,146.23
2026-03-04,23:00,24:00,128.34
2026-03-05,00:00,01:00,118.05
2026-03-05,01:00,02:00,111.93
2026-03-05,02:00,03:00,111.27
2026-03-05,03:00,04:00,111.52
2026-03-05,04:00,05:00,113.78
2026-03-05,05:00,06:00,129.54
2026-03-05,06:00,07:00,157.21
2026-03-05,07:00,08:00,174.82
2026-03-05,08:00,09:00,140.57
2026-03-05,09:00,10:00,98.8
2026-03-05,10:00,11:00,66.55
2026-03-05,11:00,12:00,29.28
2026-03-05,12:00,13:00,12.4
2026-03-05,13:00,14:00,3.83
2026-03-05,14:00,15:00,39.18
2026-03-05,15:00,16:00,92.41
2026-03-05,16:00,17:00,140.84
2026-03-05,17:00,18:00,174.39
2026-03-05,18:00,19:00,206.93
2026-03-05,19:00,20:00,182.83
2026-03-05,20:00,21:00,153.28
2026-03-05,21:00,22:00,135.97
2026-03-05,22:00,23:00,133.97
2026-03-05,23:00,24:00,124.48
2026-03-06,00:00,01:00,107.48
2026-03-06,01:00,02:00,109.45
2026-03-06,02:00,03:00,112.51
2026-03-06,03:00,04:00,113.21
2026-03-06,04:00,05:00,119.63
2026-03-06,05:00,06:00,134.34
2026-03-06,06:00,07:00,158.87
2026-03-06,07:00,08:00,170.62
2026-03-06,08:00,09:00,140.5
2026-03-06,09:00,10:00,97.34
2026-03-06,10:00,11:00,60.86
2026-03-06,11:00,12:00,28.16
2026-03-06,12:00,13:00,27.7
2026-03-06,13:00,14:00,18.79
2026-03-06,14:00,15:00,52.27
2026-03-06,15:00,16:00,97.98
2026-03-06,16:00,17:00,132.4
2026-03-06,17:00,18:00,167.48
2026-03-06,18:00,19:00,217.06
2026-03-06,19:00,20:00,183.71
2026-03-06,20:00,21:00,148.43
2026-03-06,21:00,22:00,136.06
2026-03-06,22:00,23:00,129.55
2026-03-06,23:00,24:00,128.96
2026-03-07,00:00,01:00,139.9
2026-03-07,01:00,02:00,135.18
2026-03-07,02:00,03:00,130.2
2026-03-07,03:00,04:00,129.59
2026-03-07,04:00,05:00,130.24
2026-03-07,05:00,06:00,135.13
2026-03-07,06:00,07:00,141.06
2026-03-07,07:00,08:00,134.07
2026-03-07,08:00,09:00,97.42
2026-03-07,09:00,10:00,43.16
2026-03-07,10:00,11:00,23.97
2026-03-07,11:00,12:00,8.58
2026-03-07,12:00,13:00,2.35
2026-03-07,13:00,14:00,0.23
2026-03-07,14:00,15:00,15.89
2026-03-07,15:00,16:00,86.63
2026-03-07,16:00,17:00,132.72
2026-03-07,17:00,18:00,143.66
2026-03-07,18:00,19:00,173.1
2026-03-07,19:00,20:00,164.18
2026-03-07,20:00,21:00,149.32
2026-03-07,21:00,22:00,141.18
2026-03-07,22:00,23:00,136.83
2026-03-07,23:00,24:00,133.44
2026-03-08,00:00,01:00,138.05
2026-03-08,01:00,02:00,135.22
2026-03-08,02:00,03:00,133.91
2026-03-08,03:00,04:00,133.18
2026-03-08,04:00,05:00,132.56
2026-03-08,05:00,06:00,132.71
2026-03-08,06:00,07:00,133.82
2026-03-08,07:00,08:00,118.37
2026-03-08,08:00,09:00,64.56
2026-03-08,09:00,10:00,25.01
2026-03-08,10:00,11:00,11.22
2026-03-08,11:00,12:00,4.15
2026-03-08,12:00,13:00,1.27
2026-03-08,13:00,14:00,-0.09
2026-03-08,14:00,15:00,6.09
2026-03-08,15:00,16:00,66.66
2026-03-08,16:00,17:00,122.76
2026-03-08,17:00,18:00,146.99
2026-03-08,18:00,19:00,158.0
2026-03-08,19:00,20:00,154.05
2026-03-08,20:00,21:00,138.88
2026-03-08,21:00,22:00,135.0
2026-03-08,22:00,23:00,133.65
2026-03-08,23:00,24:00,121.77
2026-03-09,00:00,01:00,122.39
2026-03-09,01:00,02:00,112.41
2026-03-09,02:00,03:00,106.15
2026-03-09,03:00,04:00,108.48
2026-03-09,04:00,05:00,118.13
2026-03-09,05:00,06:00,138.65
2026-03-09,06:00,07:00,165.97
2026-03-09,07:00,08:00,188.47
2026-03-09,08:00,09:00,156.55
2026-03-09,09:00,10:00,92.63
2026-03-09,10:00,11:00,57.11
2026-03-09,11:00,12:00,37.87
2026-03-09,12:00,13:00,33.2
2026-03-09,13:00,14:00,33.43
2026-03-09,14:00,15:00,73.72
2026-03-09,15:00,16:00,113.99
2026-03-09,16:00,17:00,145.57
2026-03-09,17:00,18:00,179.27
2026-03-09,18:00,19:00,237.19
2026-03-09,19:00,20:00,221.93
2026-03-09,20:00,21:00,179.58
2026-03-09,21:00,22:00,162.07
2026-03-09,22:00,23:00,151.27
2026-03-09,23:00,24:00,143.28
2026-03-10,00:00,01:00,150.36
2026-03-10,01:00,02:00,150.02
2026-03-10,02:00,03:00,146.75
2026-03-10,03:00,04:00,144.53
2026-03-10,04:00,05:00,144.2
2026-03-10,05:00,06:00,157.33
2026-03-10,06:00,07:00,170.0
2026-03-10,07:00,08:00,185.0
2026-03-10,08:00,09:00,127.09
2026-03-10,09:00,10:00,128.81
2026-03-10,10:00,11:00,84.58
2026-03-10,11:00,12:00,56.08
2026-03-10,12:00,13:00,44.09
2026-03-10,13:00,14:00,63.11
2026-03-10,14:00,15:00,90.0
2026-03-10,15:00,16:00,125.86
2026-03-10,16:00,17:00,142.63
2026-03-10,17:00,18:00,168.7
2026-03-10,18:00,19:00,210.7
2026-03-10,19:00,20:00,200.54
2026-03-10,20:00,21:00,157.9
2026-03-10,21:00,22:00,151.53
2026-03-10,22:00,23:00,134.45
2026-03-10,23:00,24:00,106.69
2026-03-11,00:00,01:00,94.05
2026-03-11,01:00,02:00,86.25
2026-03-11,02:00,03:00,81.65
2026-03-11,03:00,04:00,81.53
2026-03-11,04:00,05:00,83.21
2026-03-11,05:00,06:00,99.0
2026-03-11,06:00,07:00,147.96
2026-03-11,07:00,08:00,90.49
2026-03-11,08:00,09:00,76.92
2026-03-11,09:00,10:00,59.95
2026-03-11,10:00,11:00,34.88
2026-03-11,11:00,12:00,15.15
2026-03-11,12:00,13:00,11.92
2026-03-11,13:00,14:00,19.88
2026-03-11,14:00,15:00,50.96
2026-03-11,15:00,16:00,82.34
2026-03-11,16:00,17:00,102.81
2026-03-11,17:00,18:00,125.55
2026-03-11,18:00,19:00,148.74
2026-03-11,19:00,20:00,151.82
2026-03-11,20:00,21:00,128.41
2026-03-11,21:00,22:00,131.91
2026-03-11,22:00,23:00,129.93
2026-03-11,23:00,24:00,115.21
2026-03-12,00:00,01:00,123.61
2026-03-12,01:00,02:00,118.24
2026-03-12,02:00,03:00,110.98
2026-03-12,03:00,04:00,108.98
2026-03-12,04:00,05:00,116.85
2026-03-12,05:00,06:00,130.0
2026-03-12,06:00,07:00,145.39
2026-03-12,07:00,08:00,145.23
2026-03-12,08:00,09:00,107.51
2026-03-12,09:00,10:00,82.05
2026-03-12,10:00,11:00,34.68
2026-03-12,11:00,12:00,20.29
2026-03-12,12:00,13:00,18.51
2026-03-12,13:00,14:00,54.87
2026-03-12,14:00,15:00,71.72
2026-03-12,15:00,16:00,68.37
2026-03-12,16:00,17:00,107.34
2026-03-12,17:00,18:00,116.97
2026-03-12,18:00,19:00,166.1
2026-03-12,19:00,20:00,161.34
2026-03-12,20:00,21:00,120.0
2026-03-12,21:00,22:00,111.0
2026-03-12,22:00,23:00,115.76
2026-03-12,23:00,24:00,89.0
2026-03-13,00:00,01:00,89.35
2026-03-13,01:00,02:00,76.52
2026-03-13,02:00,03:00,74.47
2026-03-13,03:00,04:00,74.34
2026-03-13,04:00,05:00,82.6
2026-03-13,05:00,06:00,99.35
2026-03-13,06:00,07:00,167.51
2026-03-13,07:00,08:00,131.49
2026-03-13,08:00,09:00,88.67
2026-03-13,09:00,10:00,18.67
2026-03-13,10:00,11:00,7.17
2026-03-13,11:00,12:00,2.35
2026-03-13,12:00,13:00,0.73
2026-03-13,13:00,14:00,1.01
2026-03-13,14:00,15:00,6.88
2026-03-13,15:00,16:00,62.84
2026-03-13,16:00,17:00,106.88
2026-03-13,17:00,18:00,148.41
2026-03-13,18:00,19:00,170.0
2026-03-13,19:00,20:00,166.54
2026-03-13,20:00,21:00,147.11
2026-03-13,21:00,22:00,132.82
2026-03-13,22:00,23:00,124.45
2026-03-13,23:00,24:00,116.77
2026-03-14,00:00,01:00,114.42
2026-03-14,01:00,02:00,109.96
2026-03-14,02:00,03:00,104.54
2026-03-14,03:00,04:00,105.1
2026-03-14,04:00,05:00,107.14
2026-03-14,05:00,06:00,110.45
2026-03-14,06:00,07:00,112.69
2026-03-14,07:00,08:00,96.39
2026-03-14,08:00,09:00,45.14
2026-03-14,09:00,10:00,32.94
2026-03-14,10:00,11:00,28.02
2026-03-14,11:00,12:00,27.46
2026-03-14,12:00,13:00,26.67
2026-03-14,13:00,14:00,25.63
2026-03-14,14:00,15:00,30.8
2026-03-14,15:00,16:00,65.94
2026-03-14,16:00,17:00,121.78
2026-03-14,17:00,18:00,140.79
2026-03-14,18:00,19:00,161.1
2026-03-14,19:00,20:00,169.84
2026-03-14,20:00,21:00,150.27
2026-03-14,21:00,22:00,137.45
2026-03-14,22:00,23:00,135.24
2026-03-14,23:00,24:00,128.05
2026-03-15,00:00,01:00,128.59
2026-03-15,01:00,02:00,126.61
2026-03-15,02:00,03:00,122.13
2026-03-15,03:00,04:00,120.23
2026-03-15,04:00,05:00,123.27
2026-03-15,05:00,06:00,124.93
2026-03-15,06:00,07:00,125.9
2026-03-15,07:00,08:00,115.29
2026-03-15,08:00,09:00,99.06
2026-03-15,09:00,10:00,94.15
2026-03-15,10:00,11:00,80.26
2026-03-15,11:00,12:00,73.28
2026-03-15,12:00,13:00,53.13
2026-03-15,13:00,14:00,37.2
2026-03-15,14:00,15:00,38.95
2026-03-15,15:00,16:00,67.93
2026-03-15,16:00,17:00,95.74
2026-03-15,17:00,18:00,133.8
2026-03-15,18:00,19:00,153.19
2026-03-15,19:00,20:00,147.87
2026-03-15,20:00,21:00,145.11
2026-03-15,21:00,22:00,123.62
2026-03-15,22:00,23:00,109.98
2026-03-15,23:00,24:00,98.24
2026-03-16,00:00,01:00,68.07
2026-03-16,01:00,02:00,62.0
2026-03-16,02:00,03:00,61.53
2026-03-16,03:00,04:00,51.72
2026-03-16,04:00,05:00,64.01
2026-03-16,05:00,06:00,119.33
2026-03-16,06:00,07:00,148.41
2026-03-16,07:00,08:00,136.02
2026-03-16,08:00,09:00,99.32
2026-03-16,09:00,10:00,74.23
2026-03-16,10:00,11:00,43.56
2026-03-16,11:00,12:00,17.44
2026-03-16,12:00,13:00,34.83
2026-03-16,13:00,14:00,63.67
2026-03-16,14:00,15:00,72.9
2026-03-16,15:00,16:00,93.45
2026-03-16,16:00,17:00,126.9
2026-03-16,17:00,18:00,151.38
2026-03-16,18:00,19:00,179.57
2026-03-16,19:00,20:00,181.36
2026-03-16,20:00,21:00,153.61
2026-03-16,21:00,22:00,124.62
2026-03-16,22:00,23:00,123.77
2026-03-16,23:00,24:00,99.93
2026-03-17,00:00,01:00,113.94
2026-03-17,01:00,02:00,106.05
2026-03-17,02:00,03:00,107.17
2026-03-17,03:00,04:00,107.99
2026-03-17,04:00,05:00,111.04
2026-03-17,05:00,06:00,121.49
2026-03-17,06:00,07:00,150.16
2026-03-17,07:00,08:00,169.17
2026-03-17,08:00,09:00,153.42
2026-03-17,09:00,10:00,127.37
2026-03-17,10:00,11:00,114.8
2026-03-17,11:00,12:00,107.49
2026-03-17,12:00,13:00,101.93
2026-03-17,13:00,14:00,103.65
2026-03-17,14:00,15:00,106.56
2026-03-17,15:00,16:00,119.9
2026-03-17,16:00,17:00,139.9
2026-03-17,17:00,18:00,167.83
2026-03-17,18:00,19:00,200.31
2026-03-17,19:00,20:00,185.99
2026-03-17,20:00,21:00,147.24
2026-03-17,21:00,22:00,132.96
2026-03-17,22:00,23:00,117.63
2026-03-17,23:00,24:00,105.06
2026-03-18,00:00,01:00,96.28
2026-03-18,01:00,02:00,93.15
2026-03-18,02:00,03:00,92.24
2026-03-18,03:00,04:00,93.47
2026-03-18,04:00,05:00,96.17
2026-03-18,05:00,06:00,106.74
2026-03-18,06:00,07:00,135.76
2026-03-18,07:00,08:00,137.44
2026-03-18,08:00,09:00,102.59
2026-03-18,09:00,10:00,73.12
2026-03-18,10:00,11:00,34.27
2026-03-18,11:00,12:00,8.52
2026-03-18,12:00,13:00,7.53
2026-03-18,13:00,14:00,6.72
2026-03-18,14:00,15:00,18.85
2026-03-18,15:00,16:00,61.87
2026-03-18,16:00,17:00,112.98
2026-03-18,17:00,18:00,149.79
2026-03-18,18:00,19:00,182.27
2026-03-18,19:00,20:00,175.79
2026-03-18,20:00,21:00,154.15
2026-03-18,21:00,22:00,136.51
2026-03-18,22:00,23:00,127.62
2026-03-18,23:00,24:00,118.07
2026-03-19,00:00,01:00,112.02
2026-03-19,01:00,02:00,115.53
2026-03-19,02:00,03:00,117.16
2026-03-19,03:00,04:00,118.9
2026-03-19,04:00,05:00,126.9
2026-03-19,05:00,06:00,136.49
2026-03-19,06:00,07:00,165.28
2026-03-19,07:00,08:00,162.29
2026-03-19,08:00,09:00,134.11
2026-03-19,09:00,10:00,93.46
2026-03-19,10:00,11:00,59.12
2026-03-19,11:00,12:00,9.61
2026-03-19,12:00,13:00,2.46
2026-03-19,13:00,14:00,17.71
2026-03-19,14:00,15:00,56.37
2026-03-19,15:00,16:00,91.37
2026-03-19,16:00,17:00,126.91
2026-03-19,17:00,18:00,152.21
2026-03-19,18:00,19:00,200.18
2026-03-19,19:00,20:00,207.43
2026-03-19,20:00,21:00,169.05
2026-03-19,21:00,22:00,154.48
2026-03-19,22:00,23:00,144.69
2026-03-19,23:00,24:00,136.67
2026-03-20,00:00,01:00,148.77
2026-03-20,01:00,02:00,142.62
2026-03-20,02:00,03:00,140.88
2026-03-20,03:00,04:00,142.66
2026-03-20,04:00,05:00,145.59
2026-03-20,05:00,06:00,161.29
2026-03-20,06:00,07:00,200.07
2026-03-20,07:00,08:00,202.84
2026-03-20,08:00,09:00,162.25
2026-03-20,09:00,10:00,132.39
2026-03-20,10:00,11:00,101.26
2026-03-20,11:00,12:00,82.5
2026-03-20,12:00,13:00,69.08
2026-03-20,13:00,14:00,69.18
2026-03-20,14:00,15:00,92.31
2026-03-20,15:00,16:00,124.42
2026-03-20,16:00,17:00,154.13
2026-03-20,17:00,18:00,184.15
2026-03-20,18:00,19:00,213.7
2026-03-20,19:00,20:00,219.57
2026-03-20,20:00,21:00,186.16
2026-03-20,21:00,22:00,169.61
2026-03-20,22:00,23:00,157.38
2026-03-20,23:00,24:00,153.14
2026-03-21,00:00,01:00,147.81
2026-03-21,01:00,02:00,141.88
2026-03-21,02:00,03:00,137.42
2026-03-21,03:00,04:00,135.86
2026-03-21,04:00,05:00,138.53
2026-03-21,05:00,06:00,144.04
2026-03-21,06:00,07:00,148.59
2026-03-21,07:00,08:00,142.18
2026-03-21,08:00,09:00,129.63
2026-03-21,09:00,10:00,136.1
2026-03-21,10:00,11:00,110.02
2026-03-21,11:00,12:00,71.6
2026-03-21,12:00,13:00,41.04
2026-03-21,13:00,14:00,38.13
2026-03-21,14:00,15:00,82.48
2026-03-21,15:00,16:00,103.23
2026-03-21,16:00,17:00,124.27
2026-03-21,17:00,18:00,153.14
2026-03-21,18:00,19:00,174.74
2026-03-21,19:00,20:00,165.07
2026-03-21,20:00,21:00,145.87
2026-03-21,21:00,22:00,130.59
2026-03-21,22:00,23:00,126.01
2026-03-21,23:00,24:00,113.9
2026-03-22,00:00,01:00,102.4
2026-03-22,01:00,02:00,98.97
2026-03-22,02:00,03:00,98.31
2026-03-22,03:00,04:00,99.52
2026-03-22,04:00,05:00,103.09
2026-03-22,05:00,06:00,106.59
2026-03-22,06:00,07:00,104.16
2026-03-22,07:00,08:00,87.77
2026-03-22,08:00,09:00,42.04
2026-03-22,09:00,10:00,7.38
2026-03-22,10:00,11:00,0.19
2026-03-22,11:00,12:00,3.16
2026-03-22,12:00,13:00,-2.72
2026-03-22,13:00,14:00,-2.7
2026-03-22,14:00,15:00,8.01
2026-03-22,15:00,16:00,41.38
2026-03-22,16:00,17:00,101.48
2026-03-22,17:00,18:00,153.12
2026-03-22,18:00,19:00,179.91
2026-03-22,19:00,20:00,176.96
2026-03-22,20:00,21:00,177.0
2026-03-22,21:00,22:00,169.9
2026-03-22,22:00,23:00,158.5
2026-03-22,23:00,24:00,156.99
2026-03-23,00:00,01:00,140.06
2026-03-23,01:00,02:00,133.73
2026-03-23,02:00,03:00,131.09
2026-03-23,03:00,04:00,135.79
2026-03-23,04:00,05:00,145.23
2026-03-23,05:00,06:00,160.66
2026-03-23,06:00,07:00,184.86
2026-03-23,07:00,08:00,186.75
2026-03-23,08:00,09:00,154.93
2026-03-23,09:00,10:00,122.72
2026-03-23,10:00,11:00,96.73
2026-03-23,11:00,12:00,73.95
2026-03-23,12:00,13:00,88.47
2026-03-23,13:00,14:00,105.43
2026-03-23,14:00,15:00,117.86
2026-03-23,15:00,16:00,129.63
2026-03-23,16:00,17:00,145.86
2026-03-23,17:00,18:00,197.11
2026-03-23,18:00,19:00,257.92
2026-03-23,19:00,20:00,240.38
2026-03-23,20:00,21:00,210.11
2026-03-23,21:00,22:00,181.43
2026-03-23,22:00,23:00,157.28
2026-03-23,23:00,24:00,141.95
2026-03-24,00:00,01:00,144.25
2026-03-24,01:00,02:00,131.59
2026-03-24,02:00,03:00,115.03
2026-03-24,03:00,04:00,105.28
2026-03-24,04:00,05:00,103.76
2026-03-24,05:00,06:00,117.14
2026-03-24,06:00,07:00,137.87
2026-03-24,07:00,08:00,119.32
2026-03-24,08:00,09:00,99.96
2026-03-24,09:00,10:00,71.57
2026-03-24,10:00,11:00,29.43
2026-03-24,11:00,12:00,16.98
2026-03-24,12:00,13:00,22.41
2026-03-24,13:00,14:00,48.51
2026-03-24,14:00,15:00,79.84
2026-03-24,15:00,16:00,72.28
2026-03-24,16:00,17:00,114.19
2026-03-24,17:00,18:00,137.38
2026-03-24,18:00,19:00,175.0
2026-03-24,19:00,20:00,149.63
2026-03-24,20:00,21:00,130.0
2026-03-24,21:00,22:00,130.0
2026-03-24,22:00,23:00,99.04
2026-03-24,23:00,24:00,86.45
2026-03-25,00:00,01:00,68.19
2026-03-25,01:00,02:00,66.82
2026-03-25,02:00,03:00,69.34
2026-03-25,03:00,04:00,69.27
2026-03-25,04:00,05:00,73.86
2026-03-25,05:00,06:00,72.55
2026-03-25,06:00,07:00,100.07
2026-03-25,07:00,08:00,97.59
2026-03-25,08:00,09:00,68.99
2026-03-25,09:00,10:00,50.59
2026-03-25,10:00,11:00,13.82
2026-03-25,11:00,12:00,1.26
2026-03-25,12:00,13:00,2.04
2026-03-25,13:00,14:00,18.94
2026-03-25,14:00,15:00,58.29
2026-03-25,15:00,16:00,95.91
2026-03-25,16:00,17:00,120.6
2026-03-25,17:00,18:00,127.85
2026-03-25,18:00,19:00,161.82
2026-03-25,19:00,20:00,167.29
2026-03-25,20:00,21:00,142.28
2026-03-25,21:00,22:00,119.51
2026-03-25,22:00,23:00,111.18
2026-03-25,23:00,24:00,107.01
2026-03-26,00:00,01:00,101.7
2026-03-26,01:00,02:00,97.17
2026-03-26,02:00,03:00,93.94
2026-03-26,03:00,04:00,98.2
2026-03-26,04:00,05:00,100.05
2026-03-26,05:00,06:00,103.98
2026-03-26,06:00,07:00,131.56
2026-03-26,07:00,08:00,144.81
2026-03-26,08:00,09:00,129.73
2026-03-26,09:00,10:00,84.82
2026-03-26,10:00,11:00,78.75
2026-03-26,11:00,12:00,81.02
2026-03-26,12:00,13:00,81.02
2026-03-26,13:00,14:00,70.53
2026-03-26,14:00,15:00,115.66
2026-03-26,15:00,16:00,87.41
2026-03-26,16:00,17:00,122.49
2026-03-26,17:00,18:00,146.56
2026-03-26,18:00,19:00,160.28
2026-03-26,19:00,20:00,170.92
2026-03-26,20:00,21:00,155.93
2026-03-26,21:00,22:00,130.98
2026-03-26,22:00,23:00,127.04
2026-03-26,23:00,24:00,115.58
2026-03-27,00:00,01:00,121.69
2026-03-27,01:00,02:00,122.05
2026-03-27,02:00,03:00,117.34
2026-03-27,03:00,04:00,117.83
2026-03-27,04:00,05:00,120.25
2026-03-27,05:00,06:00,137.19
2026-03-27,06:00,07:00,173.27
2026-03-27,07:00,08:00,177.16
2026-03-27,08:00,09:00,156.18
2026-03-27,09:00,10:00,128.79
2026-03-27,10:00,11:00,105.35
2026-03-27,11:00,12:00,89.22
2026-03-27,12:00,13:00,82.84
2026-03-27,13:00,14:00,79.54
2026-03-27,14:00,15:00,83.98
2026-03-27,15:00,16:00,94.27
2026-03-27,16:00,17:00,105.83
2026-03-27,17:00,18:00,143.85
2026-03-27,18:00,19:00,163.4
2026-03-27,19:00,20:00,171.13
2026-03-27,20:00,21:00,144.27
2026-03-27,21:00,22:00,120.28
2026-03-27,22:00,23:00,116.66
2026-03-27,23:00,24:00,106.01
2026-03-28,00:00,01:00,95.14
2026-03-28,01:00,02:00,92.67
2026-03-28,02:00,03:00,90.16
2026-03-28,03:00,04:00,89.28
2026-03-28,04:00,05:00,90.75
2026-03-28,05:00,06:00,93.9
2026-03-28,06:00,07:00,89.79
2026-03-28,07:00,08:00,79.9
2026-03-28,08:00,09:00,68.3
2026-03-28,09:00,10:00,44.98
2026-03-28,10:00,11:00,17.58
2026-03-28,11:00,12:00,7.86
2026-03-28,12:00,13:00,6.71
2026-03-28,13:00,14:00,7.92
2026-03-28,14:00,15:00,20.85
2026-03-28,15:00,16:00,56.54
2026-03-28,16:00,17:00,86.04
2026-03-28,17:00,18:00,114.31
2026-03-28,18:00,19:00,140.83
2026-03-28,19:00,20:00,154.07
2026-03-28,20:00,21:00,145.04
2026-03-28,21:00,22:00,133.19
2026-03-28,22:00,23:00,126.6
2026-03-28,23:00,24:00,119.58
2026-03-29,00:00,01:00,115.62
2026-03-29,01:00,02:00,109.04
2026-03-29,03:00,04:00,105.8
2026-03-29,04:00,05:00,112.18
2026-03-29,05:00,06:00,109.33
2026-03-29,06:00,07:00,109.93
2026-03-29,07:00,08:00,115.0
2026-03-29,08:00,09:00,114.91
2026-03-29,09:00,10:00,96.22
2026-03-29,10:00,11:00,78.03
2026-03-29,11:00,12:00,70.59
2026-03-29,12:00,13:00,70.42
2026-03-29,13:00,14:00,39.56
2026-03-29,14:00,15:00,18.1
2026-03-29,15:00,16:00,19.23
2026-03-29,16:00,17:00,26.26
2026-03-29,17:00,18:00,68.38
2026-03-29,18:00,19:00,100.77
2026-03-29,19:00,20:00,122.1
2026-03-29,20:00,21:00,114.31
2026-03-29,21:00,22:00,98.36
2026-03-29,22:00,23:00,92.73
2026-03-29,23:00,24:00,85.0
2026-03-30,00:00,01:00,70.24
2026-03-30,01:00,02:00,83.6
2026-03-30,02:00,03:00,72.89
2026-03-30,03:00,04:00,70.94
2026-03-30,04:00,05:00,70.52
2026-03-30,05:00,06:00,82.48
2026-03-30,06:00,07:00,120.0
2026-03-30,07:00,08:00,215.58
2026-03-30,08:00,09:00,184.35
2026-03-30,09:00,10:00,153.73
2026-03-30,10:00,11:00,137.29
2026-03-30,11:00,12:00,129.89
2026-03-30,12:00,13:00,128.58
2026-03-30,13:00,14:00,135.0
2026-03-30,14:00,15:00,127.77
2026-03-30,15:00,16:00,134.46
2026-03-30,16:00,17:00,143.92
2026-03-30,17:00,18:00,111.48
2026-03-30,18:00,19:00,163.89
2026-03-30,19:00,20:00,183.89
2026-03-30,20:00,21:00,178.18
2026-03-30,21:00,22:00,138.74
2026-03-30,22:00,23:00,125.21
2026-03-30,23:00,24:00,108.69
2026-03-31,00:00,01:00,111.57
2026-03-31,01:00,02:00,104.55
2026-03-31,02:00,03:00,103.38
2026-03-31,03:00,04:00,103.5
2026-03-31,04:00,05:00,104.63
2026-03-31,05:00,06:00,115.56
2026-03-31,06:00,07:00,155.0
2026-03-31,07:00,08:00,176.0
2026-03-31,08:00,09:00,183.42
2026-03-31,09:00,10:00,161.47
2026-03-31,10:00,11:00,155.0
2026-03-31,11:00,12:00,149.91
2026-03-31,12:00,13:00,141.84
2026-03-31,13:00,14:00,137.63
2026-03-31,14:00,15:00,108.83
2026-03-31,15:00,16:00,109.25
2026-03-31,16:00,17:00,121.51
2026-03-31,17:00,18:00,114.21
2026-03-31,18:00,19:00,153.48
2026-03-31,19:00,20:00,176.47
2026-03-31,20:00,21:00,177.24
2026-03-31,21:00,22:00,174.52
2026-03-31,22:00,23:00,158.66
2026-03-31,23:00,24:00,149.2
2026-04-01,00:00,01:00,146.25
2026-04-01,01:00,02:00,129.79
2026-04-01,02:00,03:00,125.93
2026-04-01,03:00,04:00,129.43
2026-04-01,04:00,05:00,136.55
2026-04-01,05:00,06:00,150.99
2026-04-01,06:00,07:00,183.3
2026-04-01,07:00,08:00,224.33
2026-04-01,08:00,09:00,199.98
2026-04-01,09:00,10:00,168.27
2026-04-01,10:00,11:00,152.73
2026-04-01,11:00,12:00,152.17
2026-04-01,12:00,13:00,135.15
2026-04-01,13:00,14:00,111.76
2026-04-01,14:00,15:00,99.41
2026-04-01,15:00,16:00,100.7
2026-04-01,16:00,17:00,105.78
2026-04-01,17:00,18:00,128.12
2026-04-01,18:00,19:00,149.8
2026-04-01,19:00,20:00,187.3
2026-04-01,20:00,21:00,178.82
2026-04-01,21:00,22:00,165.77
2026-04-01,22:00,23:00,153.12
2026-04-01,23:00,24:00,134.14
2026-04-02,00:00,01:00,127.57
2026-04-02,01:00,02:00,119.0
2026-04-02,02:00,03:00,114.13
2026-04-02,03:00,04:00,109.78
2026-04-02,04:00,05:00,107.79
2026-04-02,05:00,06:00,119.41
2026-04-02,06:00,07:00,153.16
2026-04-02,07:00,08:00,160.01
2026-04-02,08:00,09:00,157.7
2026-04-02,09:00,10:00,115.03
2026-04-02,10:00,11:00,109.45
2026-04-02,11:00,12:00,103.44
2026-04-02,12:00,13:00,95.95
2026-04-02,13:00,14:00,74.5
2026-04-02,14:00,15:00,68.68
2026-04-02,15:00,16:00,82.02
2026-04-02,16:00,17:00,92.71
2026-04-02,17:00,18:00,109.47
2026-04-02,18:00,19:00,133.4
2026-04-02,19:00,20:00,161.9
2026-04-02,20:00,21:00,159.73
2026-04-02,21:00,22:00,145.9
2026-04-02,22:00,23:00,134.86
2026-04-02,23:00,24:00,123.32
2026-04-03,00:00,01:00,134.09
2026-04-03,01:00,02:00,121.92
2026-04-03,02:00,03:00,119.69
2026-04-03,03:00,04:00,118.29
2026-04-03,04:00,05:00,121.26
2026-04-03,05:00,06:00,125.55
2026-04-03,06:00,07:00,132.97
2026-04-03,07:00,08:00,133.78
2026-04-03,08:00,09:00,131.0
2026-04-03,09:00,10:00,116.57
2026-04-03,10:00,11:00,85.86
2026-04-03,11:00,12:00,52.27
2026-04-03,12:00,13:00,26.05
2026-04-03,13:00,14:00,9.21
2026-04-03,14:00,15:00,4.09
2026-04-03,15:00,16:00,12.65
2026-04-03,16:00,17:00,37.62
2026-04-03,17:00,18:00,79.33
2026-04-03,18:00,19:00,104.16
2026-04-03,19:00,20:00,130.97
2026-04-03,20:00,21:00,129.61
2026-04-03,21:00,22:00,104.24
2026-04-03,22:00,23:00,99.6
2026-04-03,23:00,24:00,90.12
2026-04-04,00:00,01:00,88.91
2026-04-04,01:00,02:00,89.39
2026-04-04,02:00,03:00,89.19
2026-04-04,03:00,04:00,80.2
2026-04-04,04:00,05:00,68.03
2026-04-04,05:00,06:00,55.91
2026-04-04,06:00,07:00,70.02
2026-04-04,07:00,08:00,78.29
2026-04-04,08:00,09:00,36.0
2026-04-04,09:00,10:00,20.38
2026-04-04,10:00,11:00,7.95
2026-04-04,11:00,12:00,2.03
2026-04-04,12:00,13:00,0.43
2026-04-04,13:00,14:00,0.01
2026-04-04,14:00,15:00,-0.01
2026-04-04,15:00,16:00,0.03
2026-04-04,16:00,17:00,11.53
2026-04-04,17:00,18:00,66.68
2026-04-04,18:00,19:00,113.97
2026-04-04,19:00,20:00,153.75
2026-04-04,20:00,21:00,140.66
2026-04-04,21:00,22:00,106.47
2026-04-04,22:00,23:00,76.77
2026-04-04,23:00,24:00,73.09
2026-04-05,00:00,01:00,43.09
2026-04-05,01:00,02:00,34.87
2026-04-05,02:00,03:00,24.18
2026-04-05,03:00,04:00,38.16
2026-04-05,04:00,05:00,23.25
2026-04-05,05:00,06:00,35.05
2026-04-05,06:00,07:00,34.6
2026-04-05,07:00,08:00,7.35
2026-04-05,08:00,09:00,-1.6
2026-04-05,09:00,10:00,-6.49
2026-04-05,10:00,11:00,-21.54
2026-04-05,11:00,12:00,-26.5
2026-04-05,12:00,13:00,-22.39
2026-04-05,13:00,14:00,-43.84
2026-04-05,14:00,15:00,-68.48
2026-04-05,15:00,16:00,-58.65
2026-04-05,16:00,17:00,-32.7
2026-04-05,17:00,18:00,-7.29
2026-04-05,18:00,19:00,1.65
2026-04-05,19:00,20:00,40.9
2026-04-05,20:00,21:00,49.85
2026-04-05,21:00,22:00,53.95
2026-04-05,22:00,23:00,60.0
2026-04-05,23:00,24:00,62.2
2026-04-06,00:00,01:00,6.98
2026-04-06,01:00,02:00,9.84
2026-04-06,02:00,03:00,6.75
2026-04-06,03:00,04:00,10.0
2026-04-06,04:00,05:00,10.72
2026-04-06,05:00,06:00,3.98
2026-04-06,06:00,07:00,3.55
2026-04-06,07:00,08:00,11.73
2026-04-06,08:00,09:00,15.19
2026-04-06,09:00,10:00,1.15
2026-04-06,10:00,11:00,-19.61
2026-04-06,11:00,12:00,-30.0
2026-04-06,12:00,13:00,-55.0
2026-04-06,13:00,14:00,-117.09
2026-04-06,14:00,15:00,-121.94
2026-04-06,15:00,16:00,-82.0
2026-04-06,16:00,17:00,-28.47
2026-04-06,17:00,18:00,-3.92
2026-04-06,18:00,19:00,45.03
2026-04-06,19:00,20:00,101.54
2026-04-06,20:00,21:00,116.23
2026-04-06,21:00,22:00,112.34
2026-04-06,22:00,23:00,121.84
2026-04-06,23:00,24:00,112.2
2026-04-07,00:00,01:00,119.06
2026-04-07,01:00,02:00,114.58
2026-04-07,02:00,03:00,113.49
2026-04-07,03:00,04:00,109.18
2026-04-07,04:00,05:00,112.99
2026-04-07,05:00,06:00,131.01
2026-04-07,06:00,07:00,151.05
2026-04-07,07:00,08:00,165.85
2026-04-07,08:00,09:00,124.49
2026-04-07,09:00,10:00,76.43
2026-04-07,10:00,11:00,16.25
2026-04-07,11:00,12:00,-0.01
2026-04-07,12:00,13:00,-3.01
2026-04-07,13:00,14:00,-10.82
2026-04-07,14:00,15:00,-11.42
2026-04-07,15:00,16:00,-3.45
2026-04-07,16:00,17:00,4.35
2026-04-07,17:00,18:00,82.93
2026-04-07,18:00,19:00,135.0
2026-04-07,19:00,20:00,181.4
2026-04-07,20:00,21:00,180.23
2026-04-07,21:00,22:00,144.94
2026-04-07,22:00,23:00,130.63
2026-04-07,23:00,24:00,120.0
2026-04-08,00:00,01:00,109.0
2026-04-08,01:00,02:00,104.13
2026-04-08,02:00,03:00,102.69
2026-04-08,03:00,04:00,105.9
2026-04-08,04:00,05:00,110.04
2026-04-08,05:00,06:00,119.22
2026-04-08,06:00,07:00,143.54
2026-04-08,07:00,08:00,162.0
2026-04-08,08:00,09:00,134.3
2026-04-08,09:00,10:00,90.63
2026-04-08,10:00,11:00,48.59
2026-04-08,11:00,12:00,-0.05
2026-04-08,12:00,13:00,-10.16
2026-04-08,13:00,14:00,-16.14
2026-04-08,14:00,15:00,-14.35
2026-04-08,15:00,16:00,-4.47
2026-04-08,16:00,17:00,12.89
2026-04-08,17:00,18:00,92.02
2026-04-08,18:00,19:00,136.92
2026-04-08,19:00,20:00,163.44
2026-04-08,20:00,21:00,157.39
2026-04-08,21:00,22:00,135.51
2026-04-08,22:00,23:00,117.38
2026-04-08,23:00,24:00,106.27
2026-04-09,00:00,01:00,101.75
2026-04-09,01:00,02:00,98.69
2026-04-09,02:00,03:00,100.78
2026-04-09,03:00,04:00,102.61
2026-04-09,04:00,05:00,106.47
2026-04-09,05:00,06:00,117.18
2026-04-09,06:00,07:00,139.81
2026-04-09,07:00,08:00,147.19
2026-04-09,08:00,09:00,127.53
2026-04-09,09:00,10:00,95.37
2026-04-09,10:00,11:00,48.33
2026-04-09,11:00,12:00,1.24
2026-04-09,12:00,13:00,-1.1
2026-04-09,13:00,14:00,-7.63
2026-04-09,14:00,15:00,-7.77
2026-04-09,15:00,16:00,-0.76
2026-04-09,16:00,17:00,28.06
2026-04-09,17:00,18:00,84.1
2026-04-09,18:00,19:00,118.9
2026-04-09,19:00,20:00,148.0
2026-04-09,20:00,21:00,147.67
2026-04-09,21:00,22:00,112.55
2026-04-09,22:00,23:00,105.68
2026-04-09,23:00,24:00,88.03
2026-04-10,00:00,01:00,81.21
2026-04-10,01:00,02:00,75.38
2026-04-10,02:00,03:00,81.46
2026-04-10,03:00,04:00,79.72
2026-04-10,04:00,05:00,83.2
2026-04-10,05:00,06:00,98.15
2026-04-10,06:00,07:00,119.54
2026-04-10,07:00,08:00,128.26
2026-04-10,08:00,09:00,123.09
2026-04-10,09:00,10:00,119.22
2026-04-10,10:00,11:00,110.67
2026-04-10,11:00,12:00,115.03
2026-04-10,12:00,13:00,97.58
2026-04-10,13:00,14:00,93.28
2026-04-10,14:00,15:00,87.02
2026-04-10,15:00,16:00,98.11
2026-04-10,16:00,17:00,112.47
2026-04-10,17:00,18:00,135.3
2026-04-10,18:00,19:00,152.32
2026-04-10,19:00,20:00,221.08
2026-04-10,20:00,21:00,243.92
2026-04-10,21:00,22:00,170.13
2026-04-10,22:00,23:00,146.29
2026-04-10,23:00,24:00,133.35
2026-04-11,00:00,01:00,125.54
2026-04-11,01:00,02:00,123.68
2026-04-11,02:00,03:00,118.1
2026-04-11,03:00,04:00,117.54
2026-04-11,04:00,05:00,116.58
2026-04-11,05:00,06:00,113.73
2026-04-11,06:00,07:00,111.81
2026-04-11,07:00,08:00,98.83
2026-04-11,08:00,09:00,73.24
2026-04-11,09:00,10:00,22.06
2026-04-11,10:00,11:00,-0.6
2026-04-11,11:00,12:00,1.39
2026-04-11,12:00,13:00,-36.74
2026-04-11,13:00,14:00,-78.9
2026-04-11,14:00,15:00,-69.39
2026-04-11,15:00,16:00,-48.39
2026-04-11,16:00,17:00,-17.2
2026-04-11,17:00,18:00,2.56
2026-04-11,18:00,19:00,66.59
2026-04-11,19:00,20:00,108.13
2026-04-11,20:00,21:00,100.0
2026-04-11,21:00,22:00,90.0
2026-04-11,22:00,23:00,91.21
2026-04-11,23:00,24:00,72.47
2026-04-12,00:00,01:00,65.12
2026-04-12,01:00,02:00,74.36
2026-04-12,02:00,03:00,77.87
2026-04-12,03:00,04:00,85.91
2026-04-12,04:00,05:00,98.09
2026-04-12,05:00,06:00,101.78
2026-04-12,06:00,07:00,102.56
2026-04-12,07:00,08:00,98.7
2026-04-12,08:00,09:00,70.3
2026-04-12,09:00,10:00,42.87
2026-04-12,10:00,11:00,19.42
2026-04-12,11:00,12:00,13.36
2026-04-12,12:00,13:00,5.37
2026-04-12,13:00,14:00,0.67
2026-04-12,14:00,15:00,1.59
2026-04-12,15:00,16:00,15.82
2026-04-12,16:00,17:00,63.33
2026-04-12,17:00,18:00,103.78
2026-04-12,18:00,19:00,131.26
2026-04-12,19:00,20:00,143.09
2026-04-12,20:00,21:00,145.44
2026-04-12,21:00,22:00,136.73
2026-04-12,22:00,23:00,130.61
2026-04-12,23:00,24:00,121.02
2026-04-13,00:00,01:00,116.92
2026-04-13,01:00,02:00,109.8
2026-04-13,02:00,03:00,107.85
2026-04-13,03:00,04:00,108.48
2026-04-13,04:00,05:00,110.61
2026-04-13,05:00,06:00,120.1
2026-04-13,06:00,07:00,136.57
2026-04-13,07:00,08:00,144.13
2026-04-13,08:00,09:00,148.7
2026-04-13,09:00,10:00,102.39
2026-04-13,10:00,11:00,70.39
2026-04-13,11:00,12:00,61.07
2026-04-13,12:00,13:00,38.62
2026-04-13,13:00,14:00,49.04
2026-04-13,14:00,15:00,56.05
2026-04-13,15:00,16:00,65.9
2026-04-13,16:00,17:00,100.25
2026-04-13,17:00,18:00,133.16
2026-04-13,18:00,19:00,149.83
2026-04-13,19:00,20:00,164.68
2026-04-13,20:00,21:00,157.92
2026-04-13,21:00,22:00,137.03
2026-04-13,22:00,23:00,128.37
2026-04-13,23:00,24:00,121.65
2026-04-14,00:00,01:00,124.12
2026-04-14,01:00,02:00,123.7
2026-04-14,02:00,03:00,124.83
2026-04-14,03:00,04:00,121.75
2026-04-14,04:00,05:00,124.59
2026-04-14,05:00,06:00,127.17
2026-04-14,06:00,07:00,153.09
2026-04-14,07:00,08:00,163.17
2026-04-14,08:00,09:00,161.69
2026-04-14,09:00,10:00,144.11
2026-04-14,10:00,11:00,122.27
2026-04-14,11:00,12:00,123.82
2026-04-14,12:00,13:00,114.79
2026-04-14,13:00,14:00,111.88
2026-04-14,14:00,15:00,114.03
2026-04-14,15:00,16:00,121.19
2026-04-14,16:00,17:00,128.8
2026-04-14,17:00,18:00,142.56
2026-04-14,18:00,19:00,162.36
2026-04-14,19:00,20:00,215.72
2026-04-14,20:00,21:00,225.09
2026-04-14,21:00,22:00,168.17
2026-04-14,22:00,23:00,150.0
2026-04-14,23:00,24:00,137.0
2026-04-15,00:00,01:00,122.45
2026-04-15,01:00,02:00,117.9
2026-04-15,02:00,03:00,113.26
2026-04-15,03:00,04:00,111.67
2026-04-15,04:00,05:00,112.09
2026-04-15,05:00,06:00,125.06
2026-04-15,06:00,07:00,151.24
2026-04-15,07:00,08:00,158.44
2026-04-15,08:00,09:00,140.5
2026-04-15,09:00,10:00,116.46
2026-04-15,10:00,11:00,107.35
2026-04-15,11:00,12:00,98.68
2026-04-15,12:00,13:00,85.07
2026-04-15,13:00,14:00,72.58
2026-04-15,14:00,15:00,76.08
2026-04-15,15:00,16:00,88.97
2026-04-15,16:00,17:00,104.19
2026-04-15,17:00,18:00,130.11
2026-04-15,18:00,19:00,145.07
2026-04-15,19:00,20:00,172.68
2026-04-15,20:00,21:00,174.38
2026-04-15,21:00,22:00,145.35
2026-04-15,22:00,23:00,133.18
2026-04-15,23:00,24:00,117.43
2026-04-16,00:00,01:00,105.13
2026-04-16,01:00,02:00,100.11
2026-04-16,02:00,03:00,98.82
2026-04-16,03:00,04:00,98.2
2026-04-16,04:00,05:00,100.08
2026-04-16,05:00,06:00,110.78
2026-04-16,06:00,07:00,141.21
2026-04-16,07:00,08:00,146.28
2026-04-16,08:00,09:00,134.14
2026-04-16,09:00,10:00,110.49
2026-04-16,10:00,11:00,99.05
2026-04-16,11:00,12:00,80.0
2026-04-16,12:00,13:00,63.88
2026-04-16,13:00,14:00,48.88
2026-04-16,14:00,15:00,57.64
2026-04-16,15:00,16:00,75.68
2026-04-16,16:00,17:00,96.14
2026-04-16,17:00,18:00,114.95
2026-04-16,18:00,19:00,133.65
2026-04-16,19:00,20:00,161.9
2026-04-16,20:00,21:00,179.45
2026-04-16,21:00,22:00,150.19
2026-04-16,22:00,23:00,138.36
2026-04-16,23:00,24:00,128.15
2026-04-17,00:00,01:00,121.88
2026-04-17,01:00,02:00,115.56
2026-04-17,02:00,03:00,112.53
2026-04-17,03:00,04:00,108.65
2026-04-17,04:00,05:00,111.86
2026-04-17,05:00,06:00,120.73
2026-04-17,06:00,07:00,143.82
2026-04-17,07:00,08:00,143.92
2026-04-17,08:00,09:00,125.7
2026-04-17,09:00,10:00,95.26
2026-04-17,10:00,11:00,66.96
2026-04-17,11:00,12:00,27.69
2026-04-17,12:00,13:00,10.15
2026-04-17,13:00,14:00,10.16
2026-04-17,14:00,15:00,12.36
2026-04-17,15:00,16:00,48.96
2026-04-17,16:00,17:00,83.0
2026-04-17,17:00,18:00,102.87
2026-04-17,18:00,19:00,129.54
2026-04-17,19:00,20:00,155.65
2026-04-17,20:00,21:00,157.55
2026-04-17,21:00,22:00,136.62
2026-04-17,22:00,23:00,124.43
2026-04-17,23:00,24:00,113.26
